driver_id,x,y,state,current_order_id,assigned_order_count,delivered_order_count,completed_order_count,movement_count,travel_distance_km,operating_cost,emission_units,busy_ticks,utilization,food_pickup_wait_ticks_so_far,grocery_pickup_wait_ticks_so_far,revenue,profit
1,4,38,IDLE,,0,0,0,0,0.0,0,0,0,0.0,0,0,0,0
2,32,21,IDLE,,0,0,0,0,0.0,0,0,0,0.0,0,0,0,0
3,42,19,IDLE,,1,1,1,44,22.0,8800,1320,46,0.6301369863013698,0,0,17595.000,8795.000
4,4,34,IDLE,,0,0,0,0,0.0,0,0,0,0.0,0,0,0,0
5,17,30,FOOD_TRAVEL,3,1,0,0,33,16.5,6600,990,34,0.4657534246575342,0,0,0,-6600
6,26,48,IDLE,,0,0,0,0,0.0,0,0,0,0.0,0,0,0,0
7,36,38,IDLE,,0,0,0,0,0.0,0,0,0,0.0,0,0,0,0
8,35,39,IDLE,,0,0,0,0,0.0,0,0,0,0.0,0,0,0,0
9,25,6,IDLE,,0,0,0,0,0.0,0,0,0,0.0,0,0,0,0
10,41,22,IDLE,,0,0,0,0,0.0,0,0,0,0.0,0,0,0,0
11,25,18,IDLE,,0,0,0,0,0.0,0,0,0,0.0,0,0,0,0
12,29,14,DELIVER,1,1,0,0,64,32.0,12800,1920,66,0.9041095890410958,0,0,0,-12800
