merchant_id,kind,x,y,state,received_components,preparing_components,ready_components,handed_over_components,cancelled_components,completed_components,food_disposal_events,grocery_return_events,preparation_stopped_events,preparing_cancelled_units,preparing_cancelled_product_value,revenue
13,FOOD,39,32,IDLE,0,0,0,0,0,0,0,0,0,0,0,0
14,FOOD,20,41,IDLE,0,0,0,0,0,0,0,0,0,0,0,0
15,FOOD,27,22,IDLE,0,0,0,0,0,0,0,0,0,0,0,0
16,FOOD,22,11,IDLE,0,0,0,0,0,0,0,0,0,0,0,0
17,FOOD,4,27,IDLE,0,0,0,0,0,0,0,0,0,0,0,0
18,FOOD,44,3,IDLE,0,0,0,0,0,0,0,0,0,0,0,0
19,FOOD,42,41,IDLE,0,0,0,0,0,0,0,0,0,0,0,0
20,FOOD,13,31,IDLE,0,0,0,0,0,0,0,0,0,0,0,0
21,FOOD,8,37,IDLE,0,0,0,0,0,0,0,0,0,0,0,0
22,FOOD,35,17,IDLE,0,0,0,0,0,0,0,0,0,0,0,0
23,FOOD,3,48,IDLE,0,0,0,0,0,0,0,0,0,0,0,0
24,FOOD,22,44,IDLE,0,0,0,0,0,0,0,0,0,0,0,0
25,FOOD,33,38,IDLE,0,0,0,0,0,0,0,0,0,0,0,0
26,FOOD,37,9,IDLE,0,0,0,0,0,0,0,0,0,0,0,0
27,FOOD,18,23,IDLE,0,0,0,0,0,0,0,0,0,0,0,0
28,FOOD,24,2,IDLE,0,0,0,0,0,0,0,0,0,0,0,0
29,FOOD,27,7,IDLE,0,0,0,0,0,0,0,0,0,0,0,0
30,FOOD,37,34,IDLE,0,0,0,0,0,0,0,0,0,0,0,0
31,FOOD,46,37,IDLE,0,0,0,0,0,0,0,0,0,0,0,0
32,FOOD,18,48,IDLE,0,0,0,0,0,0,0,0,0,0,0,0
33,FOOD,20,16,IDLE,0,0,0,0,0,0,0,0,0,0,0,0
34,FOOD,45,18,IDLE,0,0,0,0,0,0,0,0,0,0,0,0
35,FOOD,3,23,IDLE,1,0,0,1,0,0,0,0,0,0,0,0
36,FOOD,39,9,IDLE,0,0,0,0,0,0,0,0,0,0,0,0
37,FOOD,23,6,IDLE,0,0,0,0,0,0,0,0,0,0,0,0
38,FOOD,34,23,IDLE,0,0,0,0,0,0,0,0,0,0,0,0
39,FOOD,16,11,IDLE,0,0,0,0,0,0,0,0,0,0,0,0
40,FOOD,28,33,IDLE,0,0,0,0,0,0,0,0,0,0,0,0
41,FOOD,47,21,IDLE,0,0,0,0,0,0,0,0,0,0,0,0
42,FOOD,8,41,IDLE,0,0,0,0,0,0,0,0,0,0,0,0
43,FOOD,31,35,IDLE,0,0,0,0,0,0,0,0,0,0,0,0
44,FOOD,4,15,IDLE,0,0,0,0,0,0,0,0,0,0,0,0
45,FOOD,38,41,IDLE,0,0,0,0,0,0,0,0,0,0,0,0
46,FOOD,21,40,IDLE,0,0,0,0,0,0,0,0,0,0,0,0
47,FOOD,42,19,IDLE,0,0,0,0,0,0,0,0,0,0,0,0
48,FOOD,44,14,IDLE,0,0,0,0,0,0,0,0,0,0,0,0
49,FOOD,11,34,IDLE,0,0,0,0,0,0,0,0,0,0,0,0
50,FOOD,31,6,IDLE,0,0,0,0,0,0,0,0,0,0,0,0
51,FOOD,41,9,IDLE,0,0,0,0,0,0,0,0,0,0,0,0
52,FOOD,40,0,IDLE,0,0,0,0,0,0,0,0,0,0,0,0
53,FOOD,39,39,IDLE,0,0,0,0,0,0,0,0,0,0,0,0
54,FOOD,39,33,IDLE,1,0,0,1,0,1,0,0,0,0,0,36771.93949906000000000000000
55,FOOD,23,35,ACTIVE,1,0,1,0,0,0,0,0,0,0,0,0
56,FOOD,13,39,IDLE,0,0,0,0,0,0,0,0,0,0,0,0
57,FOOD,27,22,IDLE,0,0,0,0,0,0,0,0,0,0,0,0
58,FOOD,25,28,IDLE,0,0,0,0,0,0,0,0,0,0,0,0
59,FOOD,1,6,IDLE,0,0,0,0,0,0,0,0,0,0,0,0
60,FOOD,12,5,IDLE,0,0,0,0,0,0,0,0,0,0,0,0
61,FOOD,21,33,IDLE,0,0,0,0,0,0,0,0,0,0,0,0
62,FOOD,32,23,IDLE,0,0,0,0,0,0,0,0,0,0,0,0
63,GROCERY,42,28,IDLE,0,0,0,0,0,0,0,0,0,0,0,0
64,GROCERY,3,38,IDLE,0,0,0,0,0,0,0,0,0,0,0,0
65,GROCERY,28,31,IDLE,0,0,0,0,0,0,0,0,0,0,0,0
66,GROCERY,28,27,IDLE,0,0,0,0,0,0,0,0,0,0,0,0
67,GROCERY,4,27,IDLE,0,0,0,0,0,0,0,0,0,0,0,0
68,GROCERY,39,15,IDLE,0,0,0,0,0,0,0,0,0,0,0,0
69,GROCERY,30,1,IDLE,0,0,0,0,0,0,0,0,0,0,0,0
70,GROCERY,17,21,IDLE,0,0,0,0,0,0,0,0,0,0,0,0
71,GROCERY,49,10,IDLE,0,0,0,0,0,0,0,0,0,0,0,0
72,GROCERY,13,20,IDLE,0,0,0,0,0,0,0,0,0,0,0,0
73,GROCERY,49,42,IDLE,0,0,0,0,0,0,0,0,0,0,0,0
74,GROCERY,1,11,IDLE,0,0,0,0,0,0,0,0,0,0,0,0
75,GROCERY,41,2,IDLE,0,0,0,0,0,0,0,0,0,0,0,0
76,GROCERY,42,14,IDLE,0,0,0,0,0,0,0,0,0,0,0,0
77,GROCERY,45,14,IDLE,0,0,0,0,0,0,0,0,0,0,0,0
