daily_customers,num_drivers,condition_id,factor,p_integration,food_preparation_multiplier,grocery_preparation_multiplier,num_stores,store_selection,primary_comparison,metric,subject,primary_driver_metric,observed_pairs,mean_value,ci95_lower,ci95_upper,normality_test,normality_p_value,significance_test,test_statistic,raw_p_value,cohen_dz,statistically_significant_raw
300,12,p_0.22_stores_10_uniform,factorial_cell,0.22,1.0,1.0,10,uniform,False,driver_food_pickup_wait_saved_ticks,driver,True,10,-0.17028089717872802,-0.30967190081530244,0.010273963230753884,shapiro_wilk,0.011419122140449605,wilcoxon_signed_rank,11.0,0.10546875,-0.6174887330030537,False
300,12,p_0.22_stores_10_uniform,factorial_cell,0.22,1.0,1.0,10,uniform,False,driver_food_pickup_wait_saved_pct,driver,False,10,-19.627609536450898,-33.42089679509174,-3.8071073637592447,shapiro_wilk,0.3363735840138476,paired_t_test,-2.462624957100088,0.036003268435639814,-0.7787503887210723,True
300,12,p_0.22_stores_10_nearest_restaurant,factorial_cell,0.22,1.0,1.0,10,nearest_restaurant,False,driver_food_pickup_wait_saved_ticks,driver,True,10,-0.09944895209937774,-0.2817952357283578,0.09207944104862206,shapiro_wilk,0.1406443769072097,paired_t_test,-0.9788929222988432,0.35321117256782997,-0.3095531219882573,False
300,12,p_0.22_stores_10_nearest_restaurant,factorial_cell,0.22,1.0,1.0,10,nearest_restaurant,False,driver_food_pickup_wait_saved_pct,driver,False,10,-14.593955289317961,-32.486579221964185,3.5916678578346306,shapiro_wilk,0.06299837034963791,paired_t_test,-1.4909706044243372,0.1701607154450385,-0.4714863034338827,False
300,12,p_0.22_stores_10_nearest_customer,factorial_cell,0.22,1.0,1.0,10,nearest_customer,False,driver_food_pickup_wait_saved_ticks,driver,True,10,-0.15272681386466416,-0.4010405213926857,0.09240886836472004,shapiro_wilk,0.2722679679213661,paired_t_test,-1.1522288382061254,0.27891320277697235,-0.3643667514460996,False
300,12,p_0.22_stores_10_nearest_customer,factorial_cell,0.22,1.0,1.0,10,nearest_customer,False,driver_food_pickup_wait_saved_pct,driver,False,10,-22.21365075856213,-50.97487057456499,4.42309441872728,shapiro_wilk,0.1617106801756193,paired_t_test,-1.493489608902755,0.16951346549002883,-0.47228288259267925,False
300,12,p_0.22_stores_15_uniform,factorial_cell,0.22,1.0,1.0,15,uniform,False,driver_food_pickup_wait_saved_ticks,driver,True,10,-0.13153894462443066,-0.3113191360986746,0.04785619588501751,shapiro_wilk,0.4037124423380239,paired_t_test,-1.3108766613945857,0.22235949723938053,-0.4145355981564207,False
300,12,p_0.22_stores_15_uniform,factorial_cell,0.22,1.0,1.0,15,uniform,False,driver_food_pickup_wait_saved_pct,driver,False,10,-17.621170579211704,-38.79660144789112,1.7718168386495765,shapiro_wilk,0.38427143610261194,paired_t_test,-1.6174977019491412,0.1402253172882602,-0.5114976848247461,False
300,12,p_0.22_stores_15_nearest_restaurant,factorial_cell,0.22,1.0,1.0,15,nearest_restaurant,False,driver_food_pickup_wait_saved_ticks,driver,True,10,-0.21404191144398518,-0.41502269442139644,1.963695326119833e-05,shapiro_wilk,0.9009190987898608,paired_t_test,-1.9089693232119054,0.08860763407209515,-0.6036691044739759,False
300,12,p_0.22_stores_15_nearest_restaurant,factorial_cell,0.22,1.0,1.0,15,nearest_restaurant,False,driver_food_pickup_wait_saved_pct,driver,False,10,-25.02854750608402,-44.15933516350141,-4.919059523133012,shapiro_wilk,0.5003472478917954,paired_t_test,-2.3797549289119275,0.04124425597359214,-0.7525445848373777,True
300,12,p_0.22_stores_15_nearest_customer,factorial_cell,0.22,1.0,1.0,15,nearest_customer,False,driver_food_pickup_wait_saved_ticks,driver,True,10,-0.19465995496802843,-0.33525227396399754,-0.04008851363384951,shapiro_wilk,0.3941809581937328,paired_t_test,-2.4330903560695507,0.037790519315532276,-0.7694107278169869,True
300,12,p_0.22_stores_15_nearest_customer,factorial_cell,0.22,1.0,1.0,15,nearest_customer,False,driver_food_pickup_wait_saved_pct,driver,False,10,-22.426957361990482,-39.120965949118926,-6.461931676200923,shapiro_wilk,0.7195238349121764,paired_t_test,-2.5393191383945592,0.03174622651125299,-0.8030032183383132,True
300,12,p_0.22_stores_20_uniform,factorial_cell,0.22,1.0,1.0,20,uniform,False,driver_food_pickup_wait_saved_ticks,driver,True,10,-0.20309093886789195,-0.4669606961731756,0.021904970695400098,shapiro_wilk,0.16724022300218555,paired_t_test,-1.5216072778185736,0.16243448892839707,-0.4811744702195296,False
300,12,p_0.22_stores_20_uniform,factorial_cell,0.22,1.0,1.0,20,uniform,False,driver_food_pickup_wait_saved_pct,driver,False,10,-24.427193120616455,-57.47265874094396,-0.07355537882948097,shapiro_wilk,0.004528485964709355,wilcoxon_signed_rank,12.0,0.130859375,-0.49239889795217023,False
300,12,p_0.22_stores_20_nearest_restaurant,factorial_cell,0.22,1.0,1.0,20,nearest_restaurant,False,driver_food_pickup_wait_saved_ticks,driver,True,10,-0.17194668628689952,-0.5681261479486005,0.19221717426960466,shapiro_wilk,0.6226613872767331,paired_t_test,-0.8445893581725114,0.4202238506864625,-0.26708260593648825,False
300,12,p_0.22_stores_20_nearest_restaurant,factorial_cell,0.22,1.0,1.0,20,nearest_restaurant,False,driver_food_pickup_wait_saved_pct,driver,False,10,-24.594625611133758,-61.42576402993328,9.499187039641031,shapiro_wilk,0.3200849676450136,paired_t_test,-1.298273118586605,0.2264738431735424,-0.4105500079703554,False
300,12,p_0.22_stores_20_nearest_customer,factorial_cell,0.22,1.0,1.0,20,nearest_customer,False,driver_food_pickup_wait_saved_ticks,driver,True,10,-0.04476040247269083,-0.2962277519694477,0.2106232590924613,shapiro_wilk,0.5700284728566243,paired_t_test,-0.32789208122373814,0.7504924446093576,-0.1036885803399943,False
300,12,p_0.22_stores_20_nearest_customer,factorial_cell,0.22,1.0,1.0,20,nearest_customer,False,driver_food_pickup_wait_saved_pct,driver,False,10,-12.387838878131427,-39.19168976611967,12.12552118628347,shapiro_wilk,0.4983472106833239,paired_t_test,-0.9118893084511674,0.38560114956099234,-0.28836471886615195,False
300,12,p_0.44_stores_10_uniform,factorial_cell,0.44,1.0,1.0,10,uniform,False,driver_food_pickup_wait_saved_ticks,driver,True,10,-0.35089107828357324,-0.6101364125832243,-0.07391033125391659,shapiro_wilk,0.9882111081781327,paired_t_test,-2.4240185950513653,0.0383570021994881,-0.7665419850963673,True
300,12,p_0.44_stores_10_uniform,factorial_cell,0.44,1.0,1.0,10,uniform,False,driver_food_pickup_wait_saved_pct,driver,False,10,-40.059071977970774,-69.91594626459516,-12.516634839507848,shapiro_wilk,0.8855695403904105,paired_t_test,-2.5819913212889105,0.02959977474101439,-0.816497347406056,True
300,12,p_0.44_stores_10_nearest_restaurant,factorial_cell,0.44,1.0,1.0,10,nearest_restaurant,False,driver_food_pickup_wait_saved_ticks,driver,True,10,-0.0013431063506743612,-0.3148531224797686,0.3334595740051401,shapiro_wilk,0.2789453356529791,paired_t_test,-0.007576579898112852,0.9941201075253483,-0.002395924935228309,False
300,12,p_0.44_stores_10_nearest_restaurant,factorial_cell,0.44,1.0,1.0,10,nearest_restaurant,False,driver_food_pickup_wait_saved_pct,driver,False,10,-6.38520028040584,-32.62359271379787,22.516704838027206,shapiro_wilk,0.43970669736531887,paired_t_test,-0.43184196865433044,0.6760171936864057,-0.13656042101987229,False
300,12,p_0.44_stores_10_nearest_customer,factorial_cell,0.44,1.0,1.0,10,nearest_customer,False,driver_food_pickup_wait_saved_ticks,driver,True,10,-0.3174052000770221,-0.6369359637445732,0.012390152486705589,shapiro_wilk,0.07977844003376239,paired_t_test,-1.7782807882463796,0.10907188620902031,-0.5623417610178142,False
300,12,p_0.44_stores_10_nearest_customer,factorial_cell,0.44,1.0,1.0,10,nearest_customer,False,driver_food_pickup_wait_saved_pct,driver,False,10,-39.762855901303425,-73.99170253314166,-5.7571704505687356,shapiro_wilk,0.37578888755854967,paired_t_test,-2.1401073427266746,0.061010595334569324,-0.6767613640266876,False
300,12,p_0.44_stores_15_uniform,factorial_cell,0.44,1.0,1.0,15,uniform,True,driver_food_pickup_wait_saved_ticks,driver,True,10,-0.26131576366507037,-0.415234243085451,-0.0749389746982123,shapiro_wilk,0.08156235784330028,paired_t_test,-2.84939717757032,0.019107965705943752,-0.9010585039577456,True
300,12,p_0.44_stores_15_uniform,factorial_cell,0.44,1.0,1.0,15,uniform,True,driver_food_pickup_wait_saved_pct,driver,False,10,-27.873996880434174,-44.23373395667505,-9.994547227065913,shapiro_wilk,0.596800959785502,paired_t_test,-3.0333787445832487,0.014168961452328129,-0.9592385838825211,True
300,12,p_0.44_stores_15_nearest_restaurant,factorial_cell,0.44,1.0,1.0,15,nearest_restaurant,False,driver_food_pickup_wait_saved_ticks,driver,True,10,-0.042691547074574863,-0.3334988884981488,0.21578429336087815,shapiro_wilk,0.3697500246292635,paired_t_test,-0.2896911357567027,0.7786156263689074,-0.0916083806952226,False
300,12,p_0.44_stores_15_nearest_restaurant,factorial_cell,0.44,1.0,1.0,15,nearest_restaurant,False,driver_food_pickup_wait_saved_pct,driver,False,10,-4.484575122991651,-28.477066115931823,16.394480471989528,shapiro_wilk,0.2368060676309714,paired_t_test,-0.3693391551105097,0.7204151026268552,-0.11679529592314286,False
300,12,p_0.44_stores_15_nearest_customer,factorial_cell,0.44,1.0,1.0,15,nearest_customer,False,driver_food_pickup_wait_saved_ticks,driver,True,10,-0.11742058625752724,-0.340688998505005,0.0912089531169929,shapiro_wilk,0.30978415016770267,paired_t_test,-1.0072606452478026,0.34012119532709467,-0.3185237836433913,False
300,12,p_0.44_stores_15_nearest_customer,factorial_cell,0.44,1.0,1.0,15,nearest_customer,False,driver_food_pickup_wait_saved_pct,driver,False,10,-13.941714119421736,-32.141608683509006,3.273114744021948,shapiro_wilk,0.31454053014941913,paired_t_test,-1.4568910808512594,0.17913263840882568,-0.4607094118274503,False
300,12,p_0.44_stores_20_uniform,factorial_cell,0.44,1.0,1.0,20,uniform,False,driver_food_pickup_wait_saved_ticks,driver,True,10,-0.2371733021124144,-0.45979663135651966,-0.026322744969410453,shapiro_wilk,0.8366909375128314,paired_t_test,-2.0238017050821373,0.0736683573128191,-0.6399822920591919,False
300,12,p_0.44_stores_20_uniform,factorial_cell,0.44,1.0,1.0,20,uniform,False,driver_food_pickup_wait_saved_pct,driver,False,10,-28.789236263524515,-56.064598063819375,-5.7907563975106955,shapiro_wilk,0.29440616206999254,paired_t_test,-2.12629802644358,0.06239578111930003,-0.6723944747882646,False
300,12,p_0.44_stores_20_nearest_restaurant,factorial_cell,0.44,1.0,1.0,20,nearest_restaurant,False,driver_food_pickup_wait_saved_ticks,driver,True,10,-0.004115909235051796,-0.2406978434319572,0.2014806689757219,shapiro_wilk,0.17710946107478692,paired_t_test,-0.03417215208769465,0.9734857576942445,-0.010806183314679304,False
300,12,p_0.44_stores_20_nearest_restaurant,factorial_cell,0.44,1.0,1.0,20,nearest_restaurant,False,driver_food_pickup_wait_saved_pct,driver,False,10,-3.003065109039466,-23.11181018075554,14.332774148244113,shapiro_wilk,0.28390253360363316,paired_t_test,-0.2983069923044656,0.7722411757349955,-0.09433295376364324,False
300,12,p_0.44_stores_20_nearest_customer,factorial_cell,0.44,1.0,1.0,20,nearest_customer,False,driver_food_pickup_wait_saved_ticks,driver,True,10,-0.1279612733650731,-0.3171971817350926,0.06862518491615434,shapiro_wilk,0.5384739596812487,paired_t_test,-1.208885394824113,0.2575068093808606,-0.38228312777561235,False
300,12,p_0.44_stores_20_nearest_customer,factorial_cell,0.44,1.0,1.0,20,nearest_customer,False,driver_food_pickup_wait_saved_pct,driver,False,10,-17.50183568274496,-36.32552637909858,1.4203804591741496,shapiro_wilk,0.3747245771434041,paired_t_test,-1.7096662635259852,0.12149642458398091,-0.5406439431491769,False
300,12,p_0.66_stores_10_uniform,factorial_cell,0.66,1.0,1.0,10,uniform,False,driver_food_pickup_wait_saved_ticks,driver,True,10,-0.29285023437089,-0.5975683777040579,0.03191006001032518,shapiro_wilk,0.7612569151083566,paired_t_test,-1.7042548692018127,0.12252963187821671,-0.5389327100110076,False
300,12,p_0.66_stores_10_uniform,factorial_cell,0.66,1.0,1.0,10,uniform,False,driver_food_pickup_wait_saved_pct,driver,False,10,-36.42656718141685,-70.91874964583751,-3.092816104685977,shapiro_wilk,0.6382493072994305,paired_t_test,-2.0038226984153056,0.07608239933735941,-0.633664375413704,False
300,12,p_0.66_stores_10_nearest_restaurant,factorial_cell,0.66,1.0,1.0,10,nearest_restaurant,False,driver_food_pickup_wait_saved_ticks,driver,True,10,-0.0805989425864502,-0.39469031371078694,0.24736697245911665,shapiro_wilk,0.8945811457486004,paired_t_test,-0.467694544342701,0.6511208731991944,-0.1478980009357553,False
300,12,p_0.66_stores_10_nearest_restaurant,factorial_cell,0.66,1.0,1.0,10,nearest_restaurant,False,driver_food_pickup_wait_saved_pct,driver,False,10,-18.158242404154905,-50.11482781671017,12.95928905735311,shapiro_wilk,0.4783271777350024,paired_t_test,-1.0577434134032082,0.3177354665896947,-0.3344878366395212,False
300,12,p_0.66_stores_10_nearest_customer,factorial_cell,0.66,1.0,1.0,10,nearest_customer,False,driver_food_pickup_wait_saved_ticks,driver,True,10,-0.17426609191241105,-0.5695575034993032,0.26076318947817567,shapiro_wilk,0.2621381496464935,paired_t_test,-0.7801045292868796,0.4553549704591449,-0.24669071255600686,False
300,12,p_0.66_stores_10_nearest_customer,factorial_cell,0.66,1.0,1.0,10,nearest_customer,False,driver_food_pickup_wait_saved_pct,driver,False,10,-29.43599660075582,-73.28339590815638,10.390391556124925,shapiro_wilk,0.3481381603062291,paired_t_test,-1.3069379379111727,0.22363848162902925,-0.41329006442830296,False
300,12,p_0.66_stores_15_uniform,factorial_cell,0.66,1.0,1.0,15,uniform,False,driver_food_pickup_wait_saved_ticks,driver,True,10,-0.025360791238613966,-0.41650471732362976,0.38063696573871914,shapiro_wilk,0.30933371252773584,paired_t_test,-0.11888100518736337,0.9079808188373042,-0.03759347469223604,False
300,12,p_0.66_stores_15_uniform,factorial_cell,0.66,1.0,1.0,15,uniform,False,driver_food_pickup_wait_saved_pct,driver,False,10,-12.939873606828991,-47.13766411378239,22.044627012630485,shapiro_wilk,0.40634940256620916,paired_t_test,-0.6925659371200187,0.5060571280616661,-0.21900857911482136,False
300,12,p_0.66_stores_15_nearest_restaurant,factorial_cell,0.66,1.0,1.0,15,nearest_restaurant,False,driver_food_pickup_wait_saved_ticks,driver,True,10,-0.02446942195341608,-0.2101750358722379,0.17321862557271003,shapiro_wilk,0.5150643824299989,paired_t_test,-0.23981441737317163,0.8158468438539302,-0.07583597746454764,False
300,12,p_0.66_stores_15_nearest_restaurant,factorial_cell,0.66,1.0,1.0,15,nearest_restaurant,False,driver_food_pickup_wait_saved_pct,driver,False,10,-6.284744840760949,-22.814098552960413,9.886908242233707,shapiro_wilk,0.8114101583787316,paired_t_test,-0.7180835436940691,0.4909247895528096,-0.22707795483582988,False
300,12,p_0.66_stores_15_nearest_customer,factorial_cell,0.66,1.0,1.0,15,nearest_customer,False,driver_food_pickup_wait_saved_ticks,driver,True,10,-0.22273993479548837,-0.5510472429877398,0.10151484481210139,shapiro_wilk,0.7481610872591444,paired_t_test,-1.276273220243811,0.2338080235633328,-0.4035930292648161,False
300,12,p_0.66_stores_15_nearest_customer,factorial_cell,0.66,1.0,1.0,15,nearest_customer,False,driver_food_pickup_wait_saved_pct,driver,False,10,-29.816530030351913,-66.48535590619834,2.5297690070879186,shapiro_wilk,0.30003023241873794,paired_t_test,-1.5848360871146567,0.1474644739981262,-0.5011691753311347,False
300,12,p_0.66_stores_20_uniform,factorial_cell,0.66,1.0,1.0,20,uniform,False,driver_food_pickup_wait_saved_ticks,driver,True,10,-0.09287259884904231,-0.46155328450266975,0.3055127036187282,shapiro_wilk,0.4241548348779618,paired_t_test,-0.4484559459360352,0.6644261136005704,-0.14181422194032026,False
300,12,p_0.66_stores_20_uniform,factorial_cell,0.66,1.0,1.0,20,uniform,False,driver_food_pickup_wait_saved_pct,driver,False,10,-18.57247885868795,-56.53318656556074,16.566012510387317,shapiro_wilk,0.4516620407218952,paired_t_test,-0.9529097733674959,0.36552553892958456,-0.3013365288476145,False
300,12,p_0.66_stores_20_nearest_restaurant,factorial_cell,0.66,1.0,1.0,20,nearest_restaurant,False,driver_food_pickup_wait_saved_ticks,driver,True,10,-0.10273546034617842,-0.3398908193436524,0.12733834576557407,shapiro_wilk,0.8646426115002095,paired_t_test,-0.8239626832436487,0.4312538310637222,-0.26055987860337854,False
300,12,p_0.66_stores_20_nearest_restaurant,factorial_cell,0.66,1.0,1.0,20,nearest_restaurant,False,driver_food_pickup_wait_saved_pct,driver,False,10,-12.095824982744983,-33.60747393479177,8.003847503499738,shapiro_wilk,0.32526743802480473,paired_t_test,-1.0850643019414812,0.3061014229105669,-0.34312746018757434,False
300,12,p_0.66_stores_20_nearest_customer,factorial_cell,0.66,1.0,1.0,20,nearest_customer,False,driver_food_pickup_wait_saved_ticks,driver,True,10,-0.046979476783634455,-0.3072931254038769,0.2530803519111913,shapiro_wilk,0.2245445285966453,paired_t_test,-0.3087815045444075,0.7645158843016335,-0.09764528536939608,False
300,12,p_0.66_stores_20_nearest_customer,factorial_cell,0.66,1.0,1.0,20,nearest_customer,False,driver_food_pickup_wait_saved_pct,driver,False,10,-9.870225567432984,-30.946282378464698,12.73656592578071,shapiro_wilk,0.3059066096833989,paired_t_test,-0.8232725208241426,0.4316262733096614,-0.2603416300832693,False
