daily_customers,num_drivers,condition_id,factor,p_integration,food_preparation_multiplier,grocery_preparation_multiplier,num_stores,store_selection,primary_comparison,metric,subject,observed_pairs,mean_value,ci95_lower,ci95_upper
300,12,p_0.22_stores_10_uniform,factorial_cell,0.22,1.0,1.0,10,uniform,False,marginal_emission_per_completed_grocery,environment,5,-13951.0,-20100.0,-7849.0
300,12,p_0.22_stores_10_uniform,factorial_cell,0.22,1.0,1.0,10,uniform,False,marginal_emission_per_additional_service_unit,environment,0,,,
300,12,p_0.22_stores_10_uniform,factorial_cell,0.22,1.0,1.0,10,uniform,False,service_output_change_pct,system,10,-17.600393125215906,-19.945382618928132,-15.403049648658088
300,12,p_0.22_stores_10_uniform,factorial_cell,0.22,1.0,1.0,10,uniform,False,total_emission_change_pct,environment,10,-6.5658008740889,-7.293240802758829,-5.769044626481114
300,12,p_0.22_stores_10_uniform,factorial_cell,0.22,1.0,1.0,10,uniform,False,emission_output_elasticity,environment,10,0.38356938179595834,0.3307059746732423,0.4386562946553594
300,12,p_0.22_stores_10_nearest_restaurant,factorial_cell,0.22,1.0,1.0,10,nearest_restaurant,False,marginal_emission_per_completed_grocery,environment,10,-4041.3404761904762,-5232.306250000001,-2893.171428571429
300,12,p_0.22_stores_10_nearest_restaurant,factorial_cell,0.22,1.0,1.0,10,nearest_restaurant,False,marginal_emission_per_additional_service_unit,environment,0,,,
300,12,p_0.22_stores_10_nearest_restaurant,factorial_cell,0.22,1.0,1.0,10,nearest_restaurant,False,service_output_change_pct,system,10,-12.95263376120925,-15.477055270801433,-10.367114786729312
300,12,p_0.22_stores_10_nearest_restaurant,factorial_cell,0.22,1.0,1.0,10,nearest_restaurant,False,total_emission_change_pct,environment,10,-6.434987567603592,-7.342239439830712,-5.36141571328397
300,12,p_0.22_stores_10_nearest_restaurant,factorial_cell,0.22,1.0,1.0,10,nearest_restaurant,False,emission_output_elasticity,environment,10,0.5476912215088274,0.4165158940877976,0.6993717572576131
300,12,p_0.22_stores_10_nearest_customer,factorial_cell,0.22,1.0,1.0,10,nearest_customer,False,marginal_emission_per_completed_grocery,environment,7,-10565.357142857143,-14067.857142857143,-7352.089285714302
300,12,p_0.22_stores_10_nearest_customer,factorial_cell,0.22,1.0,1.0,10,nearest_customer,False,marginal_emission_per_additional_service_unit,environment,0,,,
300,12,p_0.22_stores_10_nearest_customer,factorial_cell,0.22,1.0,1.0,10,nearest_customer,False,service_output_change_pct,system,10,-17.939677720318276,-21.316223588318447,-14.813450680456523
300,12,p_0.22_stores_10_nearest_customer,factorial_cell,0.22,1.0,1.0,10,nearest_customer,False,total_emission_change_pct,environment,10,-6.928488304570372,-7.947511810158975,-5.843787917715331
300,12,p_0.22_stores_10_nearest_customer,factorial_cell,0.22,1.0,1.0,10,nearest_customer,False,emission_output_elasticity,environment,10,0.4116507220061467,0.3305773921530706,0.4957090930129374
300,12,p_0.22_stores_15_uniform,factorial_cell,0.22,1.0,1.0,15,uniform,False,marginal_emission_per_completed_grocery,environment,7,-8999.285714285714,-10525.714285714286,-7375.714285714285
300,12,p_0.22_stores_15_uniform,factorial_cell,0.22,1.0,1.0,15,uniform,False,marginal_emission_per_additional_service_unit,environment,0,,,
300,12,p_0.22_stores_15_uniform,factorial_cell,0.22,1.0,1.0,15,uniform,False,service_output_change_pct,system,10,-18.47130375313667,-21.164408530490487,-15.586841012382578
300,12,p_0.22_stores_15_uniform,factorial_cell,0.22,1.0,1.0,15,uniform,False,total_emission_change_pct,environment,10,-6.083240710466422,-7.1655921541904535,-5.06102683538344
300,12,p_0.22_stores_15_uniform,factorial_cell,0.22,1.0,1.0,15,uniform,False,emission_output_elasticity,environment,10,0.3498145875473654,0.2723808022196554,0.438880829471789
300,12,p_0.22_stores_15_nearest_restaurant,factorial_cell,0.22,1.0,1.0,15,nearest_restaurant,False,marginal_emission_per_completed_grocery,environment,10,-4091.825,-5320.2625,-2987.145
300,12,p_0.22_stores_15_nearest_restaurant,factorial_cell,0.22,1.0,1.0,15,nearest_restaurant,False,marginal_emission_per_additional_service_unit,environment,0,,,
300,12,p_0.22_stores_15_nearest_restaurant,factorial_cell,0.22,1.0,1.0,15,nearest_restaurant,False,service_output_change_pct,system,10,-12.651243310418085,-15.893754571576533,-9.189725398797423
300,12,p_0.22_stores_15_nearest_restaurant,factorial_cell,0.22,1.0,1.0,15,nearest_restaurant,False,total_emission_change_pct,environment,10,-6.807761534059592,-7.981885759083211,-5.781966040301327
300,12,p_0.22_stores_15_nearest_restaurant,factorial_cell,0.22,1.0,1.0,15,nearest_restaurant,False,emission_output_elasticity,environment,10,1.1631814874834494,0.45906552285404634,2.4790212411246824
300,12,p_0.22_stores_15_nearest_customer,factorial_cell,0.22,1.0,1.0,15,nearest_customer,False,marginal_emission_per_completed_grocery,environment,4,-9520.0,-16425.0,-5715.0
300,12,p_0.22_stores_15_nearest_customer,factorial_cell,0.22,1.0,1.0,15,nearest_customer,False,marginal_emission_per_additional_service_unit,environment,0,,,
300,12,p_0.22_stores_15_nearest_customer,factorial_cell,0.22,1.0,1.0,15,nearest_customer,False,service_output_change_pct,system,10,-19.62214794888976,-23.077865048419188,-16.16176787049759
300,12,p_0.22_stores_15_nearest_customer,factorial_cell,0.22,1.0,1.0,15,nearest_customer,False,total_emission_change_pct,environment,10,-6.688011873556801,-7.3287385255712945,-5.992486888033273
300,12,p_0.22_stores_15_nearest_customer,factorial_cell,0.22,1.0,1.0,15,nearest_customer,False,emission_output_elasticity,environment,10,0.38159196099366416,0.2882140462214711,0.49349626412536035
300,12,p_0.22_stores_20_uniform,factorial_cell,0.22,1.0,1.0,20,uniform,False,marginal_emission_per_completed_grocery,environment,7,-15664.285714285714,-20299.285714285714,-11329.285714285714
300,12,p_0.22_stores_20_uniform,factorial_cell,0.22,1.0,1.0,20,uniform,False,marginal_emission_per_additional_service_unit,environment,0,,,
300,12,p_0.22_stores_20_uniform,factorial_cell,0.22,1.0,1.0,20,uniform,False,service_output_change_pct,system,10,-17.239266226889644,-20.736074334189386,-13.813961176888458
300,12,p_0.22_stores_20_uniform,factorial_cell,0.22,1.0,1.0,20,uniform,False,total_emission_change_pct,environment,10,-6.943960344093995,-7.907632269342066,-6.066112570324829
300,12,p_0.22_stores_20_uniform,factorial_cell,0.22,1.0,1.0,20,uniform,False,emission_output_elasticity,environment,10,0.4368032184501308,0.3618662511108559,0.5188376878356589
300,12,p_0.22_stores_20_nearest_restaurant,factorial_cell,0.22,1.0,1.0,20,nearest_restaurant,False,marginal_emission_per_completed_grocery,environment,10,-3335.377380952381,-5071.997559523809,-2031.2036309523812
300,12,p_0.22_stores_20_nearest_restaurant,factorial_cell,0.22,1.0,1.0,20,nearest_restaurant,False,marginal_emission_per_additional_service_unit,environment,0,,,
300,12,p_0.22_stores_20_nearest_restaurant,factorial_cell,0.22,1.0,1.0,20,nearest_restaurant,False,service_output_change_pct,system,10,-10.492199933691817,-12.91562139370368,-8.076359973514137
300,12,p_0.22_stores_20_nearest_restaurant,factorial_cell,0.22,1.0,1.0,20,nearest_restaurant,False,total_emission_change_pct,environment,10,-5.559349126677971,-6.5658767208107225,-4.567661841230098
300,12,p_0.22_stores_20_nearest_restaurant,factorial_cell,0.22,1.0,1.0,20,nearest_restaurant,False,emission_output_elasticity,environment,10,0.6021944875622083,0.4507969647450485,0.7813879000756714
300,12,p_0.22_stores_20_nearest_customer,factorial_cell,0.22,1.0,1.0,20,nearest_customer,False,marginal_emission_per_completed_grocery,environment,7,-13174.285714285714,-18445.714285714286,-8017.142857142857
300,12,p_0.22_stores_20_nearest_customer,factorial_cell,0.22,1.0,1.0,20,nearest_customer,False,marginal_emission_per_additional_service_unit,environment,0,,,
300,12,p_0.22_stores_20_nearest_customer,factorial_cell,0.22,1.0,1.0,20,nearest_customer,False,service_output_change_pct,system,10,-18.962227702363567,-21.031006223654842,-17.121274240826153
300,12,p_0.22_stores_20_nearest_customer,factorial_cell,0.22,1.0,1.0,20,nearest_customer,False,total_emission_change_pct,environment,10,-6.730738452664606,-7.780768566007942,-5.443998854327718
300,12,p_0.22_stores_20_nearest_customer,factorial_cell,0.22,1.0,1.0,20,nearest_customer,False,emission_output_elasticity,environment,10,0.35350380765812794,0.29309905887774074,0.40323759107004176
300,12,p_0.44_stores_10_uniform,factorial_cell,0.44,1.0,1.0,10,uniform,False,marginal_emission_per_completed_grocery,environment,10,-25893.25,-35087.00625,-16696.23125
300,12,p_0.44_stores_10_uniform,factorial_cell,0.44,1.0,1.0,10,uniform,False,marginal_emission_per_additional_service_unit,environment,0,,,
300,12,p_0.44_stores_10_uniform,factorial_cell,0.44,1.0,1.0,10,uniform,False,service_output_change_pct,system,10,-37.475158209555865,-40.83369701683727,-34.302433558003536
300,12,p_0.44_stores_10_uniform,factorial_cell,0.44,1.0,1.0,10,uniform,False,total_emission_change_pct,environment,10,-14.57894215140845,-15.740984880830641,-13.481598692952268
300,12,p_0.44_stores_10_uniform,factorial_cell,0.44,1.0,1.0,10,uniform,False,emission_output_elasticity,environment,10,0.39137663578275717,0.36945974822448574,0.4128908185824302
300,12,p_0.44_stores_10_nearest_restaurant,factorial_cell,0.44,1.0,1.0,10,nearest_restaurant,False,marginal_emission_per_completed_grocery,environment,10,-5247.230419580419,-7276.763942307693,-3417.5870104895107
300,12,p_0.44_stores_10_nearest_restaurant,factorial_cell,0.44,1.0,1.0,10,nearest_restaurant,False,marginal_emission_per_additional_service_unit,environment,0,,,
300,12,p_0.44_stores_10_nearest_restaurant,factorial_cell,0.44,1.0,1.0,10,nearest_restaurant,False,service_output_change_pct,system,10,-27.75630912072994,-31.330338972459764,-23.91197730660026
300,12,p_0.44_stores_10_nearest_restaurant,factorial_cell,0.44,1.0,1.0,10,nearest_restaurant,False,total_emission_change_pct,environment,10,-14.213759220031355,-15.729498034203655,-12.646392248937534
300,12,p_0.44_stores_10_nearest_restaurant,factorial_cell,0.44,1.0,1.0,10,nearest_restaurant,False,emission_output_elasticity,environment,10,0.5305910114256982,0.46248472811967023,0.6171096924201716
300,12,p_0.44_stores_10_nearest_customer,factorial_cell,0.44,1.0,1.0,10,nearest_customer,False,marginal_emission_per_completed_grocery,environment,7,-23203.571428571428,-32038.267857142855,-15327.803571428572
300,12,p_0.44_stores_10_nearest_customer,factorial_cell,0.44,1.0,1.0,10,nearest_customer,False,marginal_emission_per_additional_service_unit,environment,0,,,
300,12,p_0.44_stores_10_nearest_customer,factorial_cell,0.44,1.0,1.0,10,nearest_customer,False,service_output_change_pct,system,10,-38.6384978786175,-40.74496191718261,-36.54001277654082
300,12,p_0.44_stores_10_nearest_customer,factorial_cell,0.44,1.0,1.0,10,nearest_customer,False,total_emission_change_pct,environment,10,-14.88350721774305,-15.695035271746738,-14.056317818720263
300,12,p_0.44_stores_10_nearest_customer,factorial_cell,0.44,1.0,1.0,10,nearest_customer,False,emission_output_elasticity,environment,10,0.3874098457677636,0.36237098295649584,0.41306573980194156
300,12,p_0.44_stores_15_uniform,factorial_cell,0.44,1.0,1.0,15,uniform,True,marginal_emission_per_completed_grocery,environment,8,-18884.0625,-26626.40625,-12341.398437500002
300,12,p_0.44_stores_15_uniform,factorial_cell,0.44,1.0,1.0,15,uniform,True,marginal_emission_per_additional_service_unit,environment,0,,,
300,12,p_0.44_stores_15_uniform,factorial_cell,0.44,1.0,1.0,15,uniform,True,service_output_change_pct,system,10,-36.33543914551005,-38.66303144457875,-33.93947756574483
300,12,p_0.44_stores_15_uniform,factorial_cell,0.44,1.0,1.0,15,uniform,True,total_emission_change_pct,environment,10,-13.57074257649892,-14.817497794649812,-12.193155678757853
300,12,p_0.44_stores_15_uniform,factorial_cell,0.44,1.0,1.0,15,uniform,True,emission_output_elasticity,environment,10,0.3758118306866428,0.33911047028680713,0.4192462235023255
300,12,p_0.44_stores_15_nearest_restaurant,factorial_cell,0.44,1.0,1.0,15,nearest_restaurant,False,marginal_emission_per_completed_grocery,environment,10,-2970.8439060939063,-3842.971357392608,-2286.2687812187814
300,12,p_0.44_stores_15_nearest_restaurant,factorial_cell,0.44,1.0,1.0,15,nearest_restaurant,False,marginal_emission_per_additional_service_unit,environment,0,,,
300,12,p_0.44_stores_15_nearest_restaurant,factorial_cell,0.44,1.0,1.0,15,nearest_restaurant,False,service_output_change_pct,system,10,-22.29722939269475,-24.866389976261587,-19.64516425124232
300,12,p_0.44_stores_15_nearest_restaurant,factorial_cell,0.44,1.0,1.0,15,nearest_restaurant,False,total_emission_change_pct,environment,10,-12.019010671831271,-13.319564479455986,-10.56662007573108
300,12,p_0.44_stores_15_nearest_restaurant,factorial_cell,0.44,1.0,1.0,15,nearest_restaurant,False,emission_output_elasticity,environment,10,0.545187707131125,0.49585994512689724,0.5979008084053957
300,12,p_0.44_stores_15_nearest_customer,factorial_cell,0.44,1.0,1.0,15,nearest_customer,False,marginal_emission_per_completed_grocery,environment,9,-26552.777777777777,-34504.5,-18421.11111111111
300,12,p_0.44_stores_15_nearest_customer,factorial_cell,0.44,1.0,1.0,15,nearest_customer,False,marginal_emission_per_additional_service_unit,environment,0,,,
300,12,p_0.44_stores_15_nearest_customer,factorial_cell,0.44,1.0,1.0,15,nearest_customer,False,service_output_change_pct,system,10,-38.13780796318663,-40.59876482128916,-35.61157302425
300,12,p_0.44_stores_15_nearest_customer,factorial_cell,0.44,1.0,1.0,15,nearest_customer,False,total_emission_change_pct,environment,10,-14.65461373796507,-15.399383988771882,-13.872357610959135
300,12,p_0.44_stores_15_nearest_customer,factorial_cell,0.44,1.0,1.0,15,nearest_customer,False,emission_output_elasticity,environment,10,0.3881710562198858,0.3571633914513616,0.42009642202334774
300,12,p_0.44_stores_20_uniform,factorial_cell,0.44,1.0,1.0,20,uniform,False,marginal_emission_per_completed_grocery,environment,8,-17598.75,-27306.921875,-9175.625
300,12,p_0.44_stores_20_uniform,factorial_cell,0.44,1.0,1.0,20,uniform,False,marginal_emission_per_additional_service_unit,environment,0,,,
300,12,p_0.44_stores_20_uniform,factorial_cell,0.44,1.0,1.0,20,uniform,False,service_output_change_pct,system,10,-36.9453941034894,-41.41594051258208,-33.1442540821058
300,12,p_0.44_stores_20_uniform,factorial_cell,0.44,1.0,1.0,20,uniform,False,total_emission_change_pct,environment,10,-12.963299508463944,-14.101904023000701,-11.906959156067247
300,12,p_0.44_stores_20_uniform,factorial_cell,0.44,1.0,1.0,20,uniform,False,emission_output_elasticity,environment,10,0.3557102104899136,0.32909995035559886,0.38329096775394145
300,12,p_0.44_stores_20_nearest_restaurant,factorial_cell,0.44,1.0,1.0,20,nearest_restaurant,False,marginal_emission_per_completed_grocery,environment,10,-2909.489893439894,-3765.472159090909,-2243.740113220113
300,12,p_0.44_stores_20_nearest_restaurant,factorial_cell,0.44,1.0,1.0,20,nearest_restaurant,False,marginal_emission_per_additional_service_unit,environment,0,,,
300,12,p_0.44_stores_20_nearest_restaurant,factorial_cell,0.44,1.0,1.0,20,nearest_restaurant,False,service_output_change_pct,system,10,-23.16598468761068,-27.133277466295734,-19.37038166623772
300,12,p_0.44_stores_20_nearest_restaurant,factorial_cell,0.44,1.0,1.0,20,nearest_restaurant,False,total_emission_change_pct,environment,10,-12.86237775098877,-14.031516185730831,-11.696593595899433
300,12,p_0.44_stores_20_nearest_restaurant,factorial_cell,0.44,1.0,1.0,20,nearest_restaurant,False,emission_output_elasticity,environment,10,0.5802708095228357,0.51858909852811,0.6535010873387429
300,12,p_0.44_stores_20_nearest_customer,factorial_cell,0.44,1.0,1.0,20,nearest_customer,False,marginal_emission_per_completed_grocery,environment,10,-22840.0,-30403.05,-16214.775000000003
300,12,p_0.44_stores_20_nearest_customer,factorial_cell,0.44,1.0,1.0,20,nearest_customer,False,marginal_emission_per_additional_service_unit,environment,0,,,
300,12,p_0.44_stores_20_nearest_customer,factorial_cell,0.44,1.0,1.0,20,nearest_customer,False,service_output_change_pct,system,10,-37.60855781070186,-39.50705055387851,-35.79389140766329
300,12,p_0.44_stores_20_nearest_customer,factorial_cell,0.44,1.0,1.0,20,nearest_customer,False,total_emission_change_pct,environment,10,-14.065224837051062,-15.286727801290201,-12.759033470070984
300,12,p_0.44_stores_20_nearest_customer,factorial_cell,0.44,1.0,1.0,20,nearest_customer,False,emission_output_elasticity,environment,10,0.37646196049467023,0.3366755310298809,0.41277593629920506
300,12,p_0.66_stores_10_uniform,factorial_cell,0.66,1.0,1.0,10,uniform,False,marginal_emission_per_completed_grocery,environment,9,-23862.25396825397,-34068.50198412698,-15830.469444444447
300,12,p_0.66_stores_10_uniform,factorial_cell,0.66,1.0,1.0,10,uniform,False,marginal_emission_per_additional_service_unit,environment,0,,,
300,12,p_0.66_stores_10_uniform,factorial_cell,0.66,1.0,1.0,10,uniform,False,service_output_change_pct,system,10,-57.44511361739063,-59.16086788922742,-55.39306059081888
300,12,p_0.66_stores_10_uniform,factorial_cell,0.66,1.0,1.0,10,uniform,False,total_emission_change_pct,environment,10,-22.471079565569642,-23.711614962263017,-21.171904923205915
300,12,p_0.66_stores_10_uniform,factorial_cell,0.66,1.0,1.0,10,uniform,False,emission_output_elasticity,environment,10,0.39168474639988854,0.36824524260953573,0.4106809068643755
300,12,p_0.66_stores_10_nearest_restaurant,factorial_cell,0.66,1.0,1.0,10,nearest_restaurant,False,marginal_emission_per_completed_grocery,environment,10,-6392.167482517483,-8609.823706293706,-4689.344737762239
300,12,p_0.66_stores_10_nearest_restaurant,factorial_cell,0.66,1.0,1.0,10,nearest_restaurant,False,marginal_emission_per_additional_service_unit,environment,0,,,
300,12,p_0.66_stores_10_nearest_restaurant,factorial_cell,0.66,1.0,1.0,10,nearest_restaurant,False,service_output_change_pct,system,10,-46.39346427424167,-49.76961843598468,-43.560806880007036
300,12,p_0.66_stores_10_nearest_restaurant,factorial_cell,0.66,1.0,1.0,10,nearest_restaurant,False,total_emission_change_pct,environment,10,-23.061050427064295,-24.921803043069453,-21.045819022373006
300,12,p_0.66_stores_10_nearest_restaurant,factorial_cell,0.66,1.0,1.0,10,nearest_restaurant,False,emission_output_elasticity,environment,10,0.4975098522557822,0.46678091829313084,0.5269975913764919
300,12,p_0.66_stores_10_nearest_customer,factorial_cell,0.66,1.0,1.0,10,nearest_customer,False,marginal_emission_per_completed_grocery,environment,9,-31361.666666666668,-43073.472222222226,-20983.333333333332
300,12,p_0.66_stores_10_nearest_customer,factorial_cell,0.66,1.0,1.0,10,nearest_customer,False,marginal_emission_per_additional_service_unit,environment,0,,,
300,12,p_0.66_stores_10_nearest_customer,factorial_cell,0.66,1.0,1.0,10,nearest_customer,False,service_output_change_pct,system,10,-56.5843073277121,-59.8262312329945,-53.124133936001485
300,12,p_0.66_stores_10_nearest_customer,factorial_cell,0.66,1.0,1.0,10,nearest_customer,False,total_emission_change_pct,environment,10,-23.55624160141722,-24.640615861517425,-22.525166932504234
300,12,p_0.66_stores_10_nearest_customer,factorial_cell,0.66,1.0,1.0,10,nearest_customer,False,emission_output_elasticity,environment,10,0.41779015445265283,0.4049186749398781,0.4323321713094322
300,12,p_0.66_stores_15_uniform,factorial_cell,0.66,1.0,1.0,15,uniform,False,marginal_emission_per_completed_grocery,environment,10,-27189.75,-38998.66875,-16942.4625
300,12,p_0.66_stores_15_uniform,factorial_cell,0.66,1.0,1.0,15,uniform,False,marginal_emission_per_additional_service_unit,environment,0,,,
300,12,p_0.66_stores_15_uniform,factorial_cell,0.66,1.0,1.0,15,uniform,False,service_output_change_pct,system,10,-54.80521214448745,-57.05625407505433,-52.448589687767736
300,12,p_0.66_stores_15_uniform,factorial_cell,0.66,1.0,1.0,15,uniform,False,total_emission_change_pct,environment,10,-21.336210116921926,-22.636838110985117,-19.89367925016931
300,12,p_0.66_stores_15_uniform,factorial_cell,0.66,1.0,1.0,15,uniform,False,emission_output_elasticity,environment,10,0.3903309898858861,0.3644522690476623,0.41819193345627564
300,12,p_0.66_stores_15_nearest_restaurant,factorial_cell,0.66,1.0,1.0,15,nearest_restaurant,False,marginal_emission_per_completed_grocery,environment,10,-3640.886917494271,-4779.837497612682,-2614.7090746753247
300,12,p_0.66_stores_15_nearest_restaurant,factorial_cell,0.66,1.0,1.0,15,nearest_restaurant,False,marginal_emission_per_additional_service_unit,environment,0,,,
300,12,p_0.66_stores_15_nearest_restaurant,factorial_cell,0.66,1.0,1.0,15,nearest_restaurant,False,service_output_change_pct,system,10,-34.60592223319252,-39.829356286091134,-29.3100060517616
300,12,p_0.66_stores_15_nearest_restaurant,factorial_cell,0.66,1.0,1.0,15,nearest_restaurant,False,total_emission_change_pct,environment,10,-19.668296055283417,-21.705224721092556,-17.558166248494842
300,12,p_0.66_stores_15_nearest_restaurant,factorial_cell,0.66,1.0,1.0,15,nearest_restaurant,False,emission_output_elasticity,environment,10,0.5870669669686639,0.530295257037503,0.642024510824189
300,12,p_0.66_stores_15_nearest_customer,factorial_cell,0.66,1.0,1.0,15,nearest_customer,False,marginal_emission_per_completed_grocery,environment,9,-35010.0,-50210.25,-20346.00000000001
300,12,p_0.66_stores_15_nearest_customer,factorial_cell,0.66,1.0,1.0,15,nearest_customer,False,marginal_emission_per_additional_service_unit,environment,0,,,
300,12,p_0.66_stores_15_nearest_customer,factorial_cell,0.66,1.0,1.0,15,nearest_customer,False,service_output_change_pct,system,10,-55.07622957189817,-57.348933777840976,-52.84387936348537
300,12,p_0.66_stores_15_nearest_customer,factorial_cell,0.66,1.0,1.0,15,nearest_customer,False,total_emission_change_pct,environment,10,-22.009244594625272,-23.63192492518832,-20.146842246253815
300,12,p_0.66_stores_15_nearest_customer,factorial_cell,0.66,1.0,1.0,15,nearest_customer,False,emission_output_elasticity,environment,10,0.3991430751008293,0.3724660854358907,0.4214905328529098
300,12,p_0.66_stores_20_uniform,factorial_cell,0.66,1.0,1.0,20,uniform,False,marginal_emission_per_completed_grocery,environment,10,-21845.95,-27966.81875,-15606.1275
300,12,p_0.66_stores_20_uniform,factorial_cell,0.66,1.0,1.0,20,uniform,False,marginal_emission_per_additional_service_unit,environment,0,,,
300,12,p_0.66_stores_20_uniform,factorial_cell,0.66,1.0,1.0,20,uniform,False,service_output_change_pct,system,10,-55.387457503032216,-58.45836972004694,-52.430070403973204
300,12,p_0.66_stores_20_uniform,factorial_cell,0.66,1.0,1.0,20,uniform,False,total_emission_change_pct,environment,10,-20.50538447346063,-22.537506595245876,-18.30296343498025
300,12,p_0.66_stores_20_uniform,factorial_cell,0.66,1.0,1.0,20,uniform,False,emission_output_elasticity,environment,10,0.36993844012649335,0.3372058135203792,0.4011892100253781
300,12,p_0.66_stores_20_nearest_restaurant,factorial_cell,0.66,1.0,1.0,20,nearest_restaurant,False,marginal_emission_per_completed_grocery,environment,10,-3234.259491957318,-4230.575447921643,-2424.1118729096993
300,12,p_0.66_stores_20_nearest_restaurant,factorial_cell,0.66,1.0,1.0,20,nearest_restaurant,False,marginal_emission_per_additional_service_unit,environment,0,,,
300,12,p_0.66_stores_20_nearest_restaurant,factorial_cell,0.66,1.0,1.0,20,nearest_restaurant,False,service_output_change_pct,system,10,-34.049953114465325,-38.125850655106454,-30.10893488218756
300,12,p_0.66_stores_20_nearest_restaurant,factorial_cell,0.66,1.0,1.0,20,nearest_restaurant,False,total_emission_change_pct,environment,10,-19.89175776278063,-21.806031992805412,-17.95502534300729
300,12,p_0.66_stores_20_nearest_restaurant,factorial_cell,0.66,1.0,1.0,20,nearest_restaurant,False,emission_output_elasticity,environment,10,0.5926993673107958,0.5476033838116978,0.6463300381449887
300,12,p_0.66_stores_20_nearest_customer,factorial_cell,0.66,1.0,1.0,20,nearest_customer,False,marginal_emission_per_completed_grocery,environment,10,-34508.25,-46084.575,-23165.475000000006
300,12,p_0.66_stores_20_nearest_customer,factorial_cell,0.66,1.0,1.0,20,nearest_customer,False,marginal_emission_per_additional_service_unit,environment,0,,,
300,12,p_0.66_stores_20_nearest_customer,factorial_cell,0.66,1.0,1.0,20,nearest_customer,False,service_output_change_pct,system,10,-56.93283626825801,-59.629093032438206,-53.6818803534145
300,12,p_0.66_stores_20_nearest_customer,factorial_cell,0.66,1.0,1.0,20,nearest_customer,False,total_emission_change_pct,environment,10,-21.989756768013013,-23.17947226176236,-20.72471988974207
300,12,p_0.66_stores_20_nearest_customer,factorial_cell,0.66,1.0,1.0,20,nearest_customer,False,emission_output_elasticity,environment,10,0.38661542380904923,0.3740228372920638,0.3984288832747915
