daily_customers,num_drivers,condition_id,factor,p_integration,food_preparation_multiplier,grocery_preparation_multiplier,num_stores,store_selection,primary_comparison,metric,subject,primary_integrated_experience_metric,observed_replications,mean_value,ci95_lower,ci95_upper
300,12,p_0.22_stores_10_uniform,factorial_cell,0.22,1.0,1.0,10,uniform,False,integrated_completion_rate,customer,True,10,0.012208425484700854,0.00418622848200313,0.02257406503026071
300,12,p_0.22_stores_10_uniform,factorial_cell,0.22,1.0,1.0,10,uniform,False,mean_integrated_completion_ticks,customer,True,5,73.03333333333333,65.33333333333334,81.93333333333334
300,12,p_0.22_stores_10_uniform,factorial_cell,0.22,1.0,1.0,10,uniform,False,integrated_cancellation_rate,customer,False,10,0.9744778758804777,0.9612757492962789,0.9864015476646073
300,12,p_0.22_stores_10_uniform,factorial_cell,0.22,1.0,1.0,10,uniform,False,integrated_unfinished_rate,customer,False,10,0.013313698634821325,0.005888141709037231,0.021884768772547053
300,12,p_0.22_stores_10_uniform,factorial_cell,0.22,1.0,1.0,10,uniform,False,mean_integrated_food_pickup_wait_ticks,driver,False,5,0.0,0.0,0.0
300,12,p_0.22_stores_10_uniform,factorial_cell,0.22,1.0,1.0,10,uniform,False,mean_integrated_grocery_pickup_wait_ticks,driver,False,10,4.8658026532291245,3.9135612616550124,5.678980824934868
300,12,p_0.22_stores_10_uniform,factorial_cell,0.22,1.0,1.0,10,uniform,False,mean_integrated_grocery_preparation_queue_ticks,merchant,False,10,1.6719762780520717,1.2576311169205192,2.074573865398155
300,12,p_0.22_stores_10_uniform,factorial_cell,0.22,1.0,1.0,10,uniform,False,mean_integrated_grocery_ready_to_handover_ticks,merchant,False,10,4.992497086247086,3.773257575757576,6.2243484120046615
300,12,p_0.22_stores_10_nearest_restaurant,factorial_cell,0.22,1.0,1.0,10,nearest_restaurant,False,integrated_completion_rate,customer,True,10,0.07271417514961834,0.0581861297906074,0.08902833072945197
300,12,p_0.22_stores_10_nearest_restaurant,factorial_cell,0.22,1.0,1.0,10,nearest_restaurant,False,mean_integrated_completion_ticks,customer,True,10,61.735634920634915,56.69229365079365,67.14239087301587
300,12,p_0.22_stores_10_nearest_restaurant,factorial_cell,0.22,1.0,1.0,10,nearest_restaurant,False,integrated_cancellation_rate,customer,False,10,0.9139721262155603,0.8918932811408862,0.9325833064383859
300,12,p_0.22_stores_10_nearest_restaurant,factorial_cell,0.22,1.0,1.0,10,nearest_restaurant,False,integrated_unfinished_rate,customer,False,10,0.013313698634821325,0.00593698175787728,0.0218892128246933
300,12,p_0.22_stores_10_nearest_restaurant,factorial_cell,0.22,1.0,1.0,10,nearest_restaurant,False,mean_integrated_food_pickup_wait_ticks,driver,False,10,0.2533333333333333,0.0,0.6266666666666666
300,12,p_0.22_stores_10_nearest_restaurant,factorial_cell,0.22,1.0,1.0,10,nearest_restaurant,False,mean_integrated_grocery_pickup_wait_ticks,driver,False,10,5.090406954156955,4.182126262626262,6.011894643550893
300,12,p_0.22_stores_10_nearest_restaurant,factorial_cell,0.22,1.0,1.0,10,nearest_restaurant,False,mean_integrated_grocery_preparation_queue_ticks,merchant,False,10,2.6007889297309204,1.9998023952562565,3.2155558848593304
300,12,p_0.22_stores_10_nearest_restaurant,factorial_cell,0.22,1.0,1.0,10,nearest_restaurant,False,mean_integrated_grocery_ready_to_handover_ticks,merchant,False,10,4.706908508158508,3.5326579254079253,5.905026515151514
300,12,p_0.22_stores_10_nearest_customer,factorial_cell,0.22,1.0,1.0,10,nearest_customer,False,integrated_completion_rate,customer,True,10,0.020706938402965308,0.0100380058126537,0.03279817571072564
300,12,p_0.22_stores_10_nearest_customer,factorial_cell,0.22,1.0,1.0,10,nearest_customer,False,mean_integrated_completion_ticks,customer,True,7,47.142857142857146,41.785714285714285,53.142857142857146
300,12,p_0.22_stores_10_nearest_customer,factorial_cell,0.22,1.0,1.0,10,nearest_customer,False,integrated_cancellation_rate,customer,False,10,0.9659793629622133,0.9517924368282126,0.9802081873341122
300,12,p_0.22_stores_10_nearest_customer,factorial_cell,0.22,1.0,1.0,10,nearest_customer,False,integrated_unfinished_rate,customer,False,10,0.013313698634821325,0.005717889426108892,0.02191475052844545
300,12,p_0.22_stores_10_nearest_customer,factorial_cell,0.22,1.0,1.0,10,nearest_customer,False,mean_integrated_food_pickup_wait_ticks,driver,False,7,0.0,0.0,0.0
300,12,p_0.22_stores_10_nearest_customer,factorial_cell,0.22,1.0,1.0,10,nearest_customer,False,mean_integrated_grocery_pickup_wait_ticks,driver,False,10,5.566158424908425,4.31650744047619,6.8713458104395615
300,12,p_0.22_stores_10_nearest_customer,factorial_cell,0.22,1.0,1.0,10,nearest_customer,False,mean_integrated_grocery_preparation_queue_ticks,merchant,False,10,2.0333851009723576,1.3223064316105395,2.8194720675145892
300,12,p_0.22_stores_10_nearest_customer,factorial_cell,0.22,1.0,1.0,10,nearest_customer,False,mean_integrated_grocery_ready_to_handover_ticks,merchant,False,10,5.318150183150183,3.7164375,6.932444711538461
300,12,p_0.22_stores_15_uniform,factorial_cell,0.22,1.0,1.0,15,uniform,False,integrated_completion_rate,customer,True,10,0.019723753182899973,0.010191897654584222,0.029382163789994007
300,12,p_0.22_stores_15_uniform,factorial_cell,0.22,1.0,1.0,15,uniform,False,mean_integrated_completion_ticks,customer,True,7,66.64285714285714,59.214285714285715,74.0
300,12,p_0.22_stores_15_uniform,factorial_cell,0.22,1.0,1.0,15,uniform,False,integrated_cancellation_rate,customer,False,10,0.9669625481822788,0.9516086623502605,0.9818465453660445
300,12,p_0.22_stores_15_uniform,factorial_cell,0.22,1.0,1.0,15,uniform,False,integrated_unfinished_rate,customer,False,10,0.013313698634821325,0.005838255338482508,0.02198351238914212
300,12,p_0.22_stores_15_uniform,factorial_cell,0.22,1.0,1.0,15,uniform,False,mean_integrated_food_pickup_wait_ticks,driver,False,7,0.0,0.0,0.0
300,12,p_0.22_stores_15_uniform,factorial_cell,0.22,1.0,1.0,15,uniform,False,mean_integrated_grocery_pickup_wait_ticks,driver,False,10,4.561053407376937,3.809401159502262,5.437990196078432
300,12,p_0.22_stores_15_uniform,factorial_cell,0.22,1.0,1.0,15,uniform,False,mean_integrated_grocery_preparation_queue_ticks,merchant,False,10,1.2210207056361824,0.9501298136991219,1.5167017835702747
300,12,p_0.22_stores_15_uniform,factorial_cell,0.22,1.0,1.0,15,uniform,False,mean_integrated_grocery_ready_to_handover_ticks,merchant,False,10,5.414900418209241,4.491825380501851,6.35550975678733
300,12,p_0.22_stores_15_nearest_restaurant,factorial_cell,0.22,1.0,1.0,15,nearest_restaurant,False,integrated_completion_rate,customer,True,10,0.07867204920820306,0.059131489985967595,0.10050920118834887
300,12,p_0.22_stores_15_nearest_restaurant,factorial_cell,0.22,1.0,1.0,15,nearest_restaurant,False,mean_integrated_completion_ticks,customer,True,10,60.338333333333345,55.44324999999999,65.485
300,12,p_0.22_stores_15_nearest_restaurant,factorial_cell,0.22,1.0,1.0,15,nearest_restaurant,False,integrated_cancellation_rate,customer,False,10,0.9080142521569756,0.8843295105497124,0.9304929788020784
300,12,p_0.22_stores_15_nearest_restaurant,factorial_cell,0.22,1.0,1.0,15,nearest_restaurant,False,integrated_unfinished_rate,customer,False,10,0.013313698634821325,0.005888141709037231,0.02200909683044669
300,12,p_0.22_stores_15_nearest_restaurant,factorial_cell,0.22,1.0,1.0,15,nearest_restaurant,False,mean_integrated_food_pickup_wait_ticks,driver,False,10,0.15,0.0,0.35
300,12,p_0.22_stores_15_nearest_restaurant,factorial_cell,0.22,1.0,1.0,15,nearest_restaurant,False,mean_integrated_grocery_pickup_wait_ticks,driver,False,10,4.957260827407887,4.216671339689722,5.695756275587158
300,12,p_0.22_stores_15_nearest_restaurant,factorial_cell,0.22,1.0,1.0,15,nearest_restaurant,False,mean_integrated_grocery_preparation_queue_ticks,merchant,False,10,2.0320207897011917,1.5109495440739806,2.540762120749566
300,12,p_0.22_stores_15_nearest_restaurant,factorial_cell,0.22,1.0,1.0,15,nearest_restaurant,False,mean_integrated_grocery_ready_to_handover_ticks,merchant,False,10,5.81077677224736,4.6428272058823525,7.033384615384613
300,12,p_0.22_stores_15_nearest_customer,factorial_cell,0.22,1.0,1.0,15,nearest_customer,False,integrated_completion_rate,customer,True,10,0.014575979925990435,0.004225352112676056,0.027504296091641057
300,12,p_0.22_stores_15_nearest_customer,factorial_cell,0.22,1.0,1.0,15,nearest_customer,False,mean_integrated_completion_ticks,customer,True,4,49.08333333333333,41.666666666666664,56.5
300,12,p_0.22_stores_15_nearest_customer,factorial_cell,0.22,1.0,1.0,15,nearest_customer,False,integrated_cancellation_rate,customer,False,10,0.9721103214391883,0.9555031348956092,0.9863677947260037
300,12,p_0.22_stores_15_nearest_customer,factorial_cell,0.22,1.0,1.0,15,nearest_customer,False,integrated_unfinished_rate,customer,False,10,0.013313698634821325,0.00593698175787728,0.021961539148764087
300,12,p_0.22_stores_15_nearest_customer,factorial_cell,0.22,1.0,1.0,15,nearest_customer,False,mean_integrated_food_pickup_wait_ticks,driver,False,4,0.0,0.0,0.0
300,12,p_0.22_stores_15_nearest_customer,factorial_cell,0.22,1.0,1.0,15,nearest_customer,False,mean_integrated_grocery_pickup_wait_ticks,driver,False,10,4.854602978720626,4.095838289161819,5.59497293882588
300,12,p_0.22_stores_15_nearest_customer,factorial_cell,0.22,1.0,1.0,15,nearest_customer,False,mean_integrated_grocery_preparation_queue_ticks,merchant,False,10,1.3692683969223147,1.0298512779716138,1.7118268961940835
300,12,p_0.22_stores_15_nearest_customer,factorial_cell,0.22,1.0,1.0,15,nearest_customer,False,mean_integrated_grocery_ready_to_handover_ticks,merchant,False,10,4.98309572780161,3.67347133258898,6.56419849758085
300,12,p_0.22_stores_20_uniform,factorial_cell,0.22,1.0,1.0,20,uniform,False,integrated_completion_rate,customer,True,10,0.014330604381073298,0.00750633058067179,0.02126419682134054
300,12,p_0.22_stores_20_uniform,factorial_cell,0.22,1.0,1.0,20,uniform,False,mean_integrated_completion_ticks,customer,True,7,71.42857142857143,63.714285714285715,78.28571428571429
300,12,p_0.22_stores_20_uniform,factorial_cell,0.22,1.0,1.0,20,uniform,False,integrated_cancellation_rate,customer,False,10,0.9723556969841054,0.9626257697537645,0.9820017404216667
300,12,p_0.22_stores_20_uniform,factorial_cell,0.22,1.0,1.0,20,uniform,False,integrated_unfinished_rate,customer,False,10,0.013313698634821325,0.005838255338482508,0.022034698468951553
300,12,p_0.22_stores_20_uniform,factorial_cell,0.22,1.0,1.0,20,uniform,False,mean_integrated_food_pickup_wait_ticks,driver,False,7,0.0,0.0,0.0
300,12,p_0.22_stores_20_uniform,factorial_cell,0.22,1.0,1.0,20,uniform,False,mean_integrated_grocery_pickup_wait_ticks,driver,False,10,4.475262458130105,3.283133116883117,5.788272389375331
300,12,p_0.22_stores_20_uniform,factorial_cell,0.22,1.0,1.0,20,uniform,False,mean_integrated_grocery_preparation_queue_ticks,merchant,False,10,1.0639559227759006,0.7631743488605368,1.370983165629348
300,12,p_0.22_stores_20_uniform,factorial_cell,0.22,1.0,1.0,20,uniform,False,mean_integrated_grocery_ready_to_handover_ticks,merchant,False,10,5.752093715108421,4.28098645288535,7.3083023300229195
300,12,p_0.22_stores_20_nearest_restaurant,factorial_cell,0.22,1.0,1.0,20,nearest_restaurant,False,integrated_completion_rate,customer,True,10,0.08547864360257981,0.06578221013829108,0.10416074258098745
300,12,p_0.22_stores_20_nearest_restaurant,factorial_cell,0.22,1.0,1.0,20,nearest_restaurant,False,mean_integrated_completion_ticks,customer,True,10,62.970039682539685,56.78446924603174,68.89158035714286
300,12,p_0.22_stores_20_nearest_restaurant,factorial_cell,0.22,1.0,1.0,20,nearest_restaurant,False,integrated_cancellation_rate,customer,False,10,0.9012076577625988,0.8769503942156989,0.9237797871095899
300,12,p_0.22_stores_20_nearest_restaurant,factorial_cell,0.22,1.0,1.0,20,nearest_restaurant,False,integrated_unfinished_rate,customer,False,10,0.013313698634821325,0.005812653699977644,0.021813242909013486
300,12,p_0.22_stores_20_nearest_restaurant,factorial_cell,0.22,1.0,1.0,20,nearest_restaurant,False,mean_integrated_food_pickup_wait_ticks,driver,False,10,0.12571428571428572,0.0,0.29714285714285715
300,12,p_0.22_stores_20_nearest_restaurant,factorial_cell,0.22,1.0,1.0,20,nearest_restaurant,False,mean_integrated_grocery_pickup_wait_ticks,driver,False,10,5.112363417456296,3.772014705882353,6.851053702661288
300,12,p_0.22_stores_20_nearest_restaurant,factorial_cell,0.22,1.0,1.0,20,nearest_restaurant,False,mean_integrated_grocery_preparation_queue_ticks,merchant,False,10,1.589787390499782,1.1362887923645517,2.0786914629488153
300,12,p_0.22_stores_20_nearest_restaurant,factorial_cell,0.22,1.0,1.0,20,nearest_restaurant,False,mean_integrated_grocery_ready_to_handover_ticks,merchant,False,10,5.452313381492949,3.720071723426213,7.001202270381837
300,12,p_0.22_stores_20_nearest_customer,factorial_cell,0.22,1.0,1.0,20,nearest_customer,False,integrated_completion_rate,customer,True,10,0.017404201596461562,0.00806443970623075,0.02784199914083549
300,12,p_0.22_stores_20_nearest_customer,factorial_cell,0.22,1.0,1.0,20,nearest_customer,False,mean_integrated_completion_ticks,customer,True,7,48.04761904761905,40.47619047619048,56.04761904761905
300,12,p_0.22_stores_20_nearest_customer,factorial_cell,0.22,1.0,1.0,20,nearest_customer,False,integrated_cancellation_rate,customer,False,10,0.9692820997687172,0.9566782756669476,0.9821866914981984
300,12,p_0.22_stores_20_nearest_customer,factorial_cell,0.22,1.0,1.0,20,nearest_customer,False,integrated_unfinished_rate,customer,False,10,0.013313698634821325,0.005888141709037231,0.0219336088213871
300,12,p_0.22_stores_20_nearest_customer,factorial_cell,0.22,1.0,1.0,20,nearest_customer,False,mean_integrated_food_pickup_wait_ticks,driver,False,7,0.0,0.0,0.0
300,12,p_0.22_stores_20_nearest_customer,factorial_cell,0.22,1.0,1.0,20,nearest_customer,False,mean_integrated_grocery_pickup_wait_ticks,driver,False,10,5.398962416735536,4.788131839026089,6.065054388714327
300,12,p_0.22_stores_20_nearest_customer,factorial_cell,0.22,1.0,1.0,20,nearest_customer,False,mean_integrated_grocery_preparation_queue_ticks,merchant,False,10,1.1624603375639286,0.9089187668511479,1.4457992046231203
300,12,p_0.22_stores_20_nearest_customer,factorial_cell,0.22,1.0,1.0,20,nearest_customer,False,mean_integrated_grocery_ready_to_handover_ticks,merchant,False,10,5.054170732828291,3.834453975819577,6.43449361119131
300,12,p_0.44_stores_10_uniform,factorial_cell,0.44,1.0,1.0,10,uniform,False,integrated_completion_rate,customer,True,10,0.016203119531044925,0.01065570943598039,0.022505194656255202
300,12,p_0.44_stores_10_uniform,factorial_cell,0.44,1.0,1.0,10,uniform,False,mean_integrated_completion_ticks,customer,True,10,62.825,54.683125000000004,71.31708333333333
300,12,p_0.44_stores_10_uniform,factorial_cell,0.44,1.0,1.0,10,uniform,False,integrated_cancellation_rate,customer,False,10,0.9746793612149911,0.9682349603376058,0.9807637341195662
300,12,p_0.44_stores_10_uniform,factorial_cell,0.44,1.0,1.0,10,uniform,False,integrated_unfinished_rate,customer,False,10,0.009117519253963851,0.00457962983744602,0.013711697690007149
300,12,p_0.44_stores_10_uniform,factorial_cell,0.44,1.0,1.0,10,uniform,False,mean_integrated_food_pickup_wait_ticks,driver,False,10,0.275,0.0,0.825
300,12,p_0.44_stores_10_uniform,factorial_cell,0.44,1.0,1.0,10,uniform,False,mean_integrated_grocery_pickup_wait_ticks,driver,False,10,5.6741119187707865,5.136941443526434,6.270327784709619
300,12,p_0.44_stores_10_uniform,factorial_cell,0.44,1.0,1.0,10,uniform,False,mean_integrated_grocery_preparation_queue_ticks,merchant,False,10,3.5876209313946523,3.021457308518044,4.172063341099105
300,12,p_0.44_stores_10_uniform,factorial_cell,0.44,1.0,1.0,10,uniform,False,mean_integrated_grocery_ready_to_handover_ticks,merchant,False,10,5.094412548682607,3.846280081417044,6.512959879886033
300,12,p_0.44_stores_10_nearest_restaurant,factorial_cell,0.44,1.0,1.0,10,nearest_restaurant,False,integrated_completion_rate,customer,True,10,0.06941566409434374,0.05126908144746326,0.08725677584444483
300,12,p_0.44_stores_10_nearest_restaurant,factorial_cell,0.44,1.0,1.0,10,nearest_restaurant,False,mean_integrated_completion_ticks,customer,True,10,65.35227272727273,59.77444696969697,71.24170833333334
300,12,p_0.44_stores_10_nearest_restaurant,factorial_cell,0.44,1.0,1.0,10,nearest_restaurant,False,integrated_cancellation_rate,customer,False,10,0.9214668166516923,0.9055761205910708,0.9372777243421936
300,12,p_0.44_stores_10_nearest_restaurant,factorial_cell,0.44,1.0,1.0,10,nearest_restaurant,False,integrated_unfinished_rate,customer,False,10,0.009117519253963851,0.004573926590462515,0.013656302661235027
300,12,p_0.44_stores_10_nearest_restaurant,factorial_cell,0.44,1.0,1.0,10,nearest_restaurant,False,mean_integrated_food_pickup_wait_ticks,driver,False,10,0.19,0.0,0.38
300,12,p_0.44_stores_10_nearest_restaurant,factorial_cell,0.44,1.0,1.0,10,nearest_restaurant,False,mean_integrated_grocery_pickup_wait_ticks,driver,False,10,6.0239676448947135,5.529465411073265,6.517414785274463
300,12,p_0.44_stores_10_nearest_restaurant,factorial_cell,0.44,1.0,1.0,10,nearest_restaurant,False,mean_integrated_grocery_preparation_queue_ticks,merchant,False,10,5.0832593628352045,4.3066299822135985,5.883007826736894
300,12,p_0.44_stores_10_nearest_restaurant,factorial_cell,0.44,1.0,1.0,10,nearest_restaurant,False,mean_integrated_grocery_ready_to_handover_ticks,merchant,False,10,4.496744475772526,3.6488194506677676,5.331054408272886
300,12,p_0.44_stores_10_nearest_customer,factorial_cell,0.44,1.0,1.0,10,nearest_customer,False,integrated_completion_rate,customer,True,10,0.011428004430157632,0.005373401933801948,0.0177554652890865
300,12,p_0.44_stores_10_nearest_customer,factorial_cell,0.44,1.0,1.0,10,nearest_customer,False,mean_integrated_completion_ticks,customer,True,7,51.11904761904761,46.0,56.714285714285715
300,12,p_0.44_stores_10_nearest_customer,factorial_cell,0.44,1.0,1.0,10,nearest_customer,False,integrated_cancellation_rate,customer,False,10,0.9794544763158785,0.9716781924210501,0.9868057167033347
300,12,p_0.44_stores_10_nearest_customer,factorial_cell,0.44,1.0,1.0,10,nearest_customer,False,integrated_unfinished_rate,customer,False,10,0.009117519253963851,0.004563932474380236,0.013661039390511647
300,12,p_0.44_stores_10_nearest_customer,factorial_cell,0.44,1.0,1.0,10,nearest_customer,False,mean_integrated_food_pickup_wait_ticks,driver,False,7,0.10714285714285714,0.0,0.32142857142857145
300,12,p_0.44_stores_10_nearest_customer,factorial_cell,0.44,1.0,1.0,10,nearest_customer,False,mean_integrated_grocery_pickup_wait_ticks,driver,False,10,5.560858678358679,4.924281415343916,6.227920484607983
300,12,p_0.44_stores_10_nearest_customer,factorial_cell,0.44,1.0,1.0,10,nearest_customer,False,mean_integrated_grocery_preparation_queue_ticks,merchant,False,10,4.842992747424444,4.426731946578783,5.338502453116055
300,12,p_0.44_stores_10_nearest_customer,factorial_cell,0.44,1.0,1.0,10,nearest_customer,False,mean_integrated_grocery_ready_to_handover_ticks,merchant,False,10,4.464012954637955,3.3635316408128912,5.688239185004809
300,12,p_0.44_stores_15_uniform,factorial_cell,0.44,1.0,1.0,15,uniform,True,integrated_completion_rate,customer,True,10,0.013660851944664964,0.0076922489921704374,0.019586854745847652
300,12,p_0.44_stores_15_uniform,factorial_cell,0.44,1.0,1.0,15,uniform,True,mean_integrated_completion_ticks,customer,True,8,57.864583333333336,47.7390625,66.68776041666666
300,12,p_0.44_stores_15_uniform,factorial_cell,0.44,1.0,1.0,15,uniform,True,integrated_cancellation_rate,customer,False,10,0.9772216288013711,0.9679093092444321,0.9870254033342508
300,12,p_0.44_stores_15_uniform,factorial_cell,0.44,1.0,1.0,15,uniform,True,integrated_unfinished_rate,customer,False,10,0.009117519253963851,0.004558404558404558,0.013671610361840775
300,12,p_0.44_stores_15_uniform,factorial_cell,0.44,1.0,1.0,15,uniform,True,mean_integrated_food_pickup_wait_ticks,driver,False,8,0.0,0.0,0.0
300,12,p_0.44_stores_15_uniform,factorial_cell,0.44,1.0,1.0,15,uniform,True,mean_integrated_grocery_pickup_wait_ticks,driver,False,10,4.928733910413259,4.370725365139088,5.562705873836308
300,12,p_0.44_stores_15_uniform,factorial_cell,0.44,1.0,1.0,15,uniform,True,mean_integrated_grocery_preparation_queue_ticks,merchant,False,10,2.2141684533909514,1.8825243812640344,2.5268172860336517
300,12,p_0.44_stores_15_uniform,factorial_cell,0.44,1.0,1.0,15,uniform,True,mean_integrated_grocery_ready_to_handover_ticks,merchant,False,10,4.578172311384268,3.5668351284132536,5.613362861097236
300,12,p_0.44_stores_15_nearest_restaurant,factorial_cell,0.44,1.0,1.0,15,nearest_restaurant,False,integrated_completion_rate,customer,True,10,0.08685340250205535,0.07370939657258503,0.09920777901949768
300,12,p_0.44_stores_15_nearest_restaurant,factorial_cell,0.44,1.0,1.0,15,nearest_restaurant,False,mean_integrated_completion_ticks,customer,True,10,64.0495745920746,61.194346153846155,67.16254428904428
300,12,p_0.44_stores_15_nearest_restaurant,factorial_cell,0.44,1.0,1.0,15,nearest_restaurant,False,integrated_cancellation_rate,customer,False,10,0.9032828095872644,0.8933594576160354,0.9141517985629913
300,12,p_0.44_stores_15_nearest_restaurant,factorial_cell,0.44,1.0,1.0,15,nearest_restaurant,False,integrated_unfinished_rate,customer,False,10,0.00986378791068027,0.005275498991131356,0.014463215788736567
300,12,p_0.44_stores_15_nearest_restaurant,factorial_cell,0.44,1.0,1.0,15,nearest_restaurant,False,mean_integrated_food_pickup_wait_ticks,driver,False,10,0.18928571428571428,0.0,0.45714285714285713
300,12,p_0.44_stores_15_nearest_restaurant,factorial_cell,0.44,1.0,1.0,15,nearest_restaurant,False,mean_integrated_grocery_pickup_wait_ticks,driver,False,10,4.89029091066786,4.067561156099078,5.710372200451008
300,12,p_0.44_stores_15_nearest_restaurant,factorial_cell,0.44,1.0,1.0,15,nearest_restaurant,False,mean_integrated_grocery_preparation_queue_ticks,merchant,False,10,3.553520000070295,3.068208780450008,4.261536440807129
300,12,p_0.44_stores_15_nearest_restaurant,factorial_cell,0.44,1.0,1.0,15,nearest_restaurant,False,mean_integrated_grocery_ready_to_handover_ticks,merchant,False,10,5.3271680775017956,4.190943488278902,6.628322691886119
300,12,p_0.44_stores_15_nearest_customer,factorial_cell,0.44,1.0,1.0,15,nearest_customer,False,integrated_completion_rate,customer,True,10,0.012902951844384811,0.007785738404069752,0.018606096654404818
300,12,p_0.44_stores_15_nearest_customer,factorial_cell,0.44,1.0,1.0,15,nearest_customer,False,mean_integrated_completion_ticks,customer,True,9,47.01851851851852,41.851851851851855,52.31481481481482
300,12,p_0.44_stores_15_nearest_customer,factorial_cell,0.44,1.0,1.0,15,nearest_customer,False,integrated_cancellation_rate,customer,False,10,0.9779795289016512,0.969734065845825,0.9850554907509764
300,12,p_0.44_stores_15_nearest_customer,factorial_cell,0.44,1.0,1.0,15,nearest_customer,False,integrated_unfinished_rate,customer,False,10,0.009117519253963851,0.004580656159469986,0.013667334728919373
300,12,p_0.44_stores_15_nearest_customer,factorial_cell,0.44,1.0,1.0,15,nearest_customer,False,mean_integrated_food_pickup_wait_ticks,driver,False,9,0.0,0.0,0.0
300,12,p_0.44_stores_15_nearest_customer,factorial_cell,0.44,1.0,1.0,15,nearest_customer,False,mean_integrated_grocery_pickup_wait_ticks,driver,False,10,5.887991800183669,5.1136747679551275,6.560602797499284
300,12,p_0.44_stores_15_nearest_customer,factorial_cell,0.44,1.0,1.0,15,nearest_customer,False,mean_integrated_grocery_preparation_queue_ticks,merchant,False,10,3.3284083429819065,3.044999338662918,3.60378291707935
300,12,p_0.44_stores_15_nearest_customer,factorial_cell,0.44,1.0,1.0,15,nearest_customer,False,mean_integrated_grocery_ready_to_handover_ticks,merchant,False,10,4.564871951335986,3.9165814267792274,5.252318519672342
300,12,p_0.44_stores_20_uniform,factorial_cell,0.44,1.0,1.0,20,uniform,False,integrated_completion_rate,customer,True,10,0.017989066328768295,0.009327170418251067,0.027673600541838678
300,12,p_0.44_stores_20_uniform,factorial_cell,0.44,1.0,1.0,20,uniform,False,mean_integrated_completion_ticks,customer,True,8,64.23958333333334,56.5203125,72.28125
300,12,p_0.44_stores_20_uniform,factorial_cell,0.44,1.0,1.0,20,uniform,False,integrated_cancellation_rate,customer,False,10,0.9728934144172678,0.9645507831918751,0.9808236625056055
300,12,p_0.44_stores_20_uniform,factorial_cell,0.44,1.0,1.0,20,uniform,False,integrated_unfinished_rate,customer,False,10,0.009117519253963851,0.004541156392852625,0.013714467013524207
300,12,p_0.44_stores_20_uniform,factorial_cell,0.44,1.0,1.0,20,uniform,False,mean_integrated_food_pickup_wait_ticks,driver,False,8,0.21875,0.0,0.65625
300,12,p_0.44_stores_20_uniform,factorial_cell,0.44,1.0,1.0,20,uniform,False,mean_integrated_grocery_pickup_wait_ticks,driver,False,10,4.516615425909781,3.851838506853628,5.256726305943039
300,12,p_0.44_stores_20_uniform,factorial_cell,0.44,1.0,1.0,20,uniform,False,mean_integrated_grocery_preparation_queue_ticks,merchant,False,10,1.7320745804322157,1.3597908262384022,2.143527244914301
300,12,p_0.44_stores_20_uniform,factorial_cell,0.44,1.0,1.0,20,uniform,False,mean_integrated_grocery_ready_to_handover_ticks,merchant,False,10,4.9190188004684465,4.130859947476981,5.676922511220898
300,12,p_0.44_stores_20_nearest_restaurant,factorial_cell,0.44,1.0,1.0,20,nearest_restaurant,False,integrated_completion_rate,customer,True,10,0.0959464493534848,0.08134982998950185,0.10927536499853847
300,12,p_0.44_stores_20_nearest_restaurant,factorial_cell,0.44,1.0,1.0,20,nearest_restaurant,False,mean_integrated_completion_ticks,customer,True,10,62.834551559551564,59.46138382450882,66.66743697274947
300,12,p_0.44_stores_20_nearest_restaurant,factorial_cell,0.44,1.0,1.0,20,nearest_restaurant,False,integrated_cancellation_rate,customer,False,10,0.8949360313925514,0.8826044112175593,0.9080779352152919
300,12,p_0.44_stores_20_nearest_restaurant,factorial_cell,0.44,1.0,1.0,20,nearest_restaurant,False,integrated_unfinished_rate,customer,False,10,0.009117519253963851,0.004581386448793599,0.01372326214792613
300,12,p_0.44_stores_20_nearest_restaurant,factorial_cell,0.44,1.0,1.0,20,nearest_restaurant,False,mean_integrated_food_pickup_wait_ticks,driver,False,10,0.20905982905982906,0.0,0.42495726495726494
300,12,p_0.44_stores_20_nearest_restaurant,factorial_cell,0.44,1.0,1.0,20,nearest_restaurant,False,mean_integrated_grocery_pickup_wait_ticks,driver,False,10,5.149743585931811,4.482994599793799,5.807263589509756
300,12,p_0.44_stores_20_nearest_restaurant,factorial_cell,0.44,1.0,1.0,20,nearest_restaurant,False,mean_integrated_grocery_preparation_queue_ticks,merchant,False,10,3.156439256837511,2.472896260128409,3.9069832015237034
300,12,p_0.44_stores_20_nearest_restaurant,factorial_cell,0.44,1.0,1.0,20,nearest_restaurant,False,mean_integrated_grocery_ready_to_handover_ticks,merchant,False,10,5.096009931443099,4.213032978812398,6.016502644771272
300,12,p_0.44_stores_20_nearest_customer,factorial_cell,0.44,1.0,1.0,20,nearest_customer,False,integrated_completion_rate,customer,True,10,0.015254987246299912,0.010950919344473085,0.019939064037426776
300,12,p_0.44_stores_20_nearest_customer,factorial_cell,0.44,1.0,1.0,20,nearest_customer,False,mean_integrated_completion_ticks,customer,True,10,44.666666666666664,40.299166666666665,49.2
300,12,p_0.44_stores_20_nearest_customer,factorial_cell,0.44,1.0,1.0,20,nearest_customer,False,integrated_cancellation_rate,customer,False,10,0.9756274934997361,0.9688377944262764,0.9827319484103347
300,12,p_0.44_stores_20_nearest_customer,factorial_cell,0.44,1.0,1.0,20,nearest_customer,False,integrated_unfinished_rate,customer,False,10,0.009117519253963851,0.004581469575349624,0.013672945771451072
300,12,p_0.44_stores_20_nearest_customer,factorial_cell,0.44,1.0,1.0,20,nearest_customer,False,mean_integrated_food_pickup_wait_ticks,driver,False,10,0.3,0.0,0.9
300,12,p_0.44_stores_20_nearest_customer,factorial_cell,0.44,1.0,1.0,20,nearest_customer,False,mean_integrated_grocery_pickup_wait_ticks,driver,False,10,5.665251096417998,4.923351451501591,6.415862157809984
300,12,p_0.44_stores_20_nearest_customer,factorial_cell,0.44,1.0,1.0,20,nearest_customer,False,mean_integrated_grocery_preparation_queue_ticks,merchant,False,10,2.4528176345353243,2.1348519937528256,2.820055549143489
300,12,p_0.44_stores_20_nearest_customer,factorial_cell,0.44,1.0,1.0,20,nearest_customer,False,mean_integrated_grocery_ready_to_handover_ticks,merchant,False,10,4.474128253077763,3.731975107972127,5.210673399897593
300,12,p_0.66_stores_10_uniform,factorial_cell,0.66,1.0,1.0,10,uniform,False,integrated_completion_rate,customer,True,10,0.01504585217186567,0.009316516795406458,0.021616353466476817
300,12,p_0.66_stores_10_uniform,factorial_cell,0.66,1.0,1.0,10,uniform,False,mean_integrated_completion_ticks,customer,True,9,68.14153439153439,59.07883597883599,76.48693783068782
300,12,p_0.66_stores_10_uniform,factorial_cell,0.66,1.0,1.0,10,uniform,False,integrated_cancellation_rate,customer,False,10,0.9777123301734267,0.9718745264784662,0.9834565797016787
300,12,p_0.66_stores_10_uniform,factorial_cell,0.66,1.0,1.0,10,uniform,False,integrated_unfinished_rate,customer,False,10,0.007241817654707594,0.0041132933133009265,0.010742992197616045
300,12,p_0.66_stores_10_uniform,factorial_cell,0.66,1.0,1.0,10,uniform,False,mean_integrated_food_pickup_wait_ticks,driver,False,9,1.0,0.0,2.7777777777777777
300,12,p_0.66_stores_10_uniform,factorial_cell,0.66,1.0,1.0,10,uniform,False,mean_integrated_grocery_pickup_wait_ticks,driver,False,10,5.930699087916738,5.228806057232394,6.7526878282476686
300,12,p_0.66_stores_10_uniform,factorial_cell,0.66,1.0,1.0,10,uniform,False,mean_integrated_grocery_preparation_queue_ticks,merchant,False,10,5.338722306255171,4.873139420674399,5.847625180977304
300,12,p_0.66_stores_10_uniform,factorial_cell,0.66,1.0,1.0,10,uniform,False,mean_integrated_grocery_ready_to_handover_ticks,merchant,False,10,4.549878893905129,3.711898090906283,5.299914399369682
300,12,p_0.66_stores_10_nearest_restaurant,factorial_cell,0.66,1.0,1.0,10,nearest_restaurant,False,integrated_completion_rate,customer,True,10,0.054535993994268214,0.04523541282353747,0.06250163473288907
300,12,p_0.66_stores_10_nearest_restaurant,factorial_cell,0.66,1.0,1.0,10,nearest_restaurant,False,mean_integrated_completion_ticks,customer,True,10,66.42011655011655,62.59160518648019,70.21589073426574
300,12,p_0.66_stores_10_nearest_restaurant,factorial_cell,0.66,1.0,1.0,10,nearest_restaurant,False,integrated_cancellation_rate,customer,False,10,0.9376986281416,0.9276909879738656,0.9475347977986411
300,12,p_0.66_stores_10_nearest_restaurant,factorial_cell,0.66,1.0,1.0,10,nearest_restaurant,False,integrated_unfinished_rate,customer,False,10,0.007765377864131678,0.004152307486563194,0.011869458567705765
300,12,p_0.66_stores_10_nearest_restaurant,factorial_cell,0.66,1.0,1.0,10,nearest_restaurant,False,mean_integrated_food_pickup_wait_ticks,driver,False,10,0.23974358974358972,0.023076923076923078,0.5564102564102564
300,12,p_0.66_stores_10_nearest_restaurant,factorial_cell,0.66,1.0,1.0,10,nearest_restaurant,False,mean_integrated_grocery_pickup_wait_ticks,driver,False,10,6.404897104897105,5.653819631319631,7.183723008723009
300,12,p_0.66_stores_10_nearest_restaurant,factorial_cell,0.66,1.0,1.0,10,nearest_restaurant,False,mean_integrated_grocery_preparation_queue_ticks,merchant,False,10,7.329756300594769,6.499206244501481,8.195756185506186
300,12,p_0.66_stores_10_nearest_restaurant,factorial_cell,0.66,1.0,1.0,10,nearest_restaurant,False,mean_integrated_grocery_ready_to_handover_ticks,merchant,False,10,4.6664170472994,3.655081913464266,5.787912788170141
300,12,p_0.66_stores_10_nearest_customer,factorial_cell,0.66,1.0,1.0,10,nearest_customer,False,integrated_completion_rate,customer,True,10,0.012005919443502856,0.007272750889329204,0.01734501026746515
300,12,p_0.66_stores_10_nearest_customer,factorial_cell,0.66,1.0,1.0,10,nearest_customer,False,mean_integrated_completion_ticks,customer,True,9,46.46296296296296,38.7962962962963,54.20370370370371
300,12,p_0.66_stores_10_nearest_customer,factorial_cell,0.66,1.0,1.0,10,nearest_customer,False,integrated_cancellation_rate,customer,False,10,0.9807522629017896,0.9732544065753574,0.9873106128025033
300,12,p_0.66_stores_10_nearest_customer,factorial_cell,0.66,1.0,1.0,10,nearest_customer,False,integrated_unfinished_rate,customer,False,10,0.007241817654707594,0.004128770759650881,0.010449530704273697
300,12,p_0.66_stores_10_nearest_customer,factorial_cell,0.66,1.0,1.0,10,nearest_customer,False,mean_integrated_food_pickup_wait_ticks,driver,False,9,0.0,0.0,0.0
300,12,p_0.66_stores_10_nearest_customer,factorial_cell,0.66,1.0,1.0,10,nearest_customer,False,mean_integrated_grocery_pickup_wait_ticks,driver,False,10,6.053112336024354,5.595215913396947,6.544581296566431
300,12,p_0.66_stores_10_nearest_customer,factorial_cell,0.66,1.0,1.0,10,nearest_customer,False,mean_integrated_grocery_preparation_queue_ticks,merchant,False,10,6.76522124838429,6.158624820351367,7.458187764319064
300,12,p_0.66_stores_10_nearest_customer,factorial_cell,0.66,1.0,1.0,10,nearest_customer,False,mean_integrated_grocery_ready_to_handover_ticks,merchant,False,10,4.37955435356992,3.650866925685362,5.1104200820841115
300,12,p_0.66_stores_15_uniform,factorial_cell,0.66,1.0,1.0,15,uniform,False,integrated_completion_rate,customer,True,10,0.015063133654271454,0.010399781828556588,0.0193177386568999
300,12,p_0.66_stores_15_uniform,factorial_cell,0.66,1.0,1.0,15,uniform,False,mean_integrated_completion_ticks,customer,True,10,60.175,54.2,65.9
300,12,p_0.66_stores_15_uniform,factorial_cell,0.66,1.0,1.0,15,uniform,False,integrated_cancellation_rate,customer,False,10,0.977695048691021,0.9722274366842886,0.9828282823590242
300,12,p_0.66_stores_15_uniform,factorial_cell,0.66,1.0,1.0,15,uniform,False,integrated_unfinished_rate,customer,False,10,0.007241817654707594,0.004124750947324068,0.01041006156197559
300,12,p_0.66_stores_15_uniform,factorial_cell,0.66,1.0,1.0,15,uniform,False,mean_integrated_food_pickup_wait_ticks,driver,False,10,0.125,0.0,0.3
300,12,p_0.66_stores_15_uniform,factorial_cell,0.66,1.0,1.0,15,uniform,False,mean_integrated_grocery_pickup_wait_ticks,driver,False,10,5.137087374177627,4.366645667876365,5.988908296332003
300,12,p_0.66_stores_15_uniform,factorial_cell,0.66,1.0,1.0,15,uniform,False,mean_integrated_grocery_preparation_queue_ticks,merchant,False,10,3.4580052733881375,2.9659600846389402,4.0074764509923115
300,12,p_0.66_stores_15_uniform,factorial_cell,0.66,1.0,1.0,15,uniform,False,mean_integrated_grocery_ready_to_handover_ticks,merchant,False,10,5.14432981239832,4.2855456303057045,5.928559280255185
300,12,p_0.66_stores_15_nearest_restaurant,factorial_cell,0.66,1.0,1.0,15,nearest_restaurant,False,integrated_completion_rate,customer,True,10,0.08380307102361925,0.06713276425267611,0.09949971965057253
300,12,p_0.66_stores_15_nearest_restaurant,factorial_cell,0.66,1.0,1.0,15,nearest_restaurant,False,mean_integrated_completion_ticks,customer,True,10,65.92170176443783,62.47091406658357,69.50852428112393
300,12,p_0.66_stores_15_nearest_restaurant,factorial_cell,0.66,1.0,1.0,15,nearest_restaurant,False,integrated_cancellation_rate,customer,False,10,0.9089551113216732,0.8945587128602549,0.924614627343797
300,12,p_0.66_stores_15_nearest_restaurant,factorial_cell,0.66,1.0,1.0,15,nearest_restaurant,False,integrated_unfinished_rate,customer,False,10,0.007241817654707594,0.004132853538675499,0.010433428763574771
300,12,p_0.66_stores_15_nearest_restaurant,factorial_cell,0.66,1.0,1.0,15,nearest_restaurant,False,mean_integrated_food_pickup_wait_ticks,driver,False,10,0.14514514896867836,0.015000000000000003,0.3247860962566844
300,12,p_0.66_stores_15_nearest_restaurant,factorial_cell,0.66,1.0,1.0,15,nearest_restaurant,False,mean_integrated_grocery_pickup_wait_ticks,driver,False,10,5.5023099005655824,4.748954857047837,6.287860079840428
300,12,p_0.66_stores_15_nearest_restaurant,factorial_cell,0.66,1.0,1.0,15,nearest_restaurant,False,mean_integrated_grocery_preparation_queue_ticks,merchant,False,10,5.202655792294648,4.635767065475645,5.818864127890555
300,12,p_0.66_stores_15_nearest_restaurant,factorial_cell,0.66,1.0,1.0,15,nearest_restaurant,False,mean_integrated_grocery_ready_to_handover_ticks,merchant,False,10,4.957373625612149,4.445722906544266,5.44898088714414
300,12,p_0.66_stores_15_nearest_customer,factorial_cell,0.66,1.0,1.0,15,nearest_customer,False,integrated_completion_rate,customer,True,10,0.01195379561449469,0.006768138761731398,0.01754795872302368
300,12,p_0.66_stores_15_nearest_customer,factorial_cell,0.66,1.0,1.0,15,nearest_customer,False,mean_integrated_completion_ticks,customer,True,9,42.72222222222222,37.18518518518519,48.630555555555546
300,12,p_0.66_stores_15_nearest_customer,factorial_cell,0.66,1.0,1.0,15,nearest_customer,False,integrated_cancellation_rate,customer,False,10,0.9808043867307976,0.9744404961239413,0.9869285737875598
300,12,p_0.66_stores_15_nearest_customer,factorial_cell,0.66,1.0,1.0,15,nearest_customer,False,integrated_unfinished_rate,customer,False,10,0.007241817654707594,0.004132803136747209,0.010482140455403511
300,12,p_0.66_stores_15_nearest_customer,factorial_cell,0.66,1.0,1.0,15,nearest_customer,False,mean_integrated_food_pickup_wait_ticks,driver,False,9,0.0,0.0,0.0
300,12,p_0.66_stores_15_nearest_customer,factorial_cell,0.66,1.0,1.0,15,nearest_customer,False,mean_integrated_grocery_pickup_wait_ticks,driver,False,10,5.481053163835772,4.8962806095621305,6.097020694607651
300,12,p_0.66_stores_15_nearest_customer,factorial_cell,0.66,1.0,1.0,15,nearest_customer,False,mean_integrated_grocery_preparation_queue_ticks,merchant,False,10,4.758872872981094,4.353628288531802,5.15997443242669
300,12,p_0.66_stores_15_nearest_customer,factorial_cell,0.66,1.0,1.0,15,nearest_customer,False,mean_integrated_grocery_ready_to_handover_ticks,merchant,False,10,4.631492106731237,3.8643956374853103,5.369196000249261
300,12,p_0.66_stores_20_uniform,factorial_cell,0.66,1.0,1.0,20,uniform,False,integrated_completion_rate,customer,True,10,0.016648184219232826,0.010945305211144158,0.023988228186456222
300,12,p_0.66_stores_20_uniform,factorial_cell,0.66,1.0,1.0,20,uniform,False,mean_integrated_completion_ticks,customer,True,10,67.2875,62.275,72.8375
300,12,p_0.66_stores_20_uniform,factorial_cell,0.66,1.0,1.0,20,uniform,False,integrated_cancellation_rate,customer,False,10,0.9755997940444269,0.9688897466276154,0.9813343987799177
300,12,p_0.66_stores_20_uniform,factorial_cell,0.66,1.0,1.0,20,uniform,False,integrated_unfinished_rate,customer,False,10,0.007752021736340248,0.0047518557100371586,0.01078691656542193
300,12,p_0.66_stores_20_uniform,factorial_cell,0.66,1.0,1.0,20,uniform,False,mean_integrated_food_pickup_wait_ticks,driver,False,10,0.2,0.0,0.5
300,12,p_0.66_stores_20_uniform,factorial_cell,0.66,1.0,1.0,20,uniform,False,mean_integrated_grocery_pickup_wait_ticks,driver,False,10,4.808721079130004,3.9249481935470443,5.616085718456152
300,12,p_0.66_stores_20_uniform,factorial_cell,0.66,1.0,1.0,20,uniform,False,mean_integrated_grocery_preparation_queue_ticks,merchant,False,10,2.4637428835143185,2.1937779176357286,2.7561072258786607
300,12,p_0.66_stores_20_uniform,factorial_cell,0.66,1.0,1.0,20,uniform,False,mean_integrated_grocery_ready_to_handover_ticks,merchant,False,10,5.013914602568643,4.3539670482955595,5.629209575632508
300,12,p_0.66_stores_20_nearest_restaurant,factorial_cell,0.66,1.0,1.0,20,nearest_restaurant,False,integrated_completion_rate,customer,True,10,0.09081980186696446,0.07713452556231325,0.10254204590354506
300,12,p_0.66_stores_20_nearest_restaurant,factorial_cell,0.66,1.0,1.0,20,nearest_restaurant,False,mean_integrated_completion_ticks,customer,True,10,60.081467324945585,57.69628376997399,62.60398214285714
300,12,p_0.66_stores_20_nearest_restaurant,factorial_cell,0.66,1.0,1.0,20,nearest_restaurant,False,integrated_cancellation_rate,customer,False,10,0.90143076626513,0.8890741891013363,0.9147774635623322
300,12,p_0.66_stores_20_nearest_restaurant,factorial_cell,0.66,1.0,1.0,20,nearest_restaurant,False,integrated_unfinished_rate,customer,False,10,0.007749431867905564,0.004627976515671485,0.010889678442977222
300,12,p_0.66_stores_20_nearest_restaurant,factorial_cell,0.66,1.0,1.0,20,nearest_restaurant,False,mean_integrated_food_pickup_wait_ticks,driver,False,10,0.23194444444444443,0.008333333333333333,0.5277777777777778
300,12,p_0.66_stores_20_nearest_restaurant,factorial_cell,0.66,1.0,1.0,20,nearest_restaurant,False,mean_integrated_grocery_pickup_wait_ticks,driver,False,10,5.7833654739720695,4.948945409657853,6.761739613132802
300,12,p_0.66_stores_20_nearest_restaurant,factorial_cell,0.66,1.0,1.0,20,nearest_restaurant,False,mean_integrated_grocery_preparation_queue_ticks,merchant,False,10,4.411568207547767,3.7924335457618334,5.26079604998658
300,12,p_0.66_stores_20_nearest_restaurant,factorial_cell,0.66,1.0,1.0,20,nearest_restaurant,False,mean_integrated_grocery_ready_to_handover_ticks,merchant,False,10,5.0727088743108615,4.1279234898288655,5.942244367646079
300,12,p_0.66_stores_20_nearest_customer,factorial_cell,0.66,1.0,1.0,20,nearest_customer,False,integrated_completion_rate,customer,True,10,0.011958240230762307,0.007794982791316614,0.01710804541221577
300,12,p_0.66_stores_20_nearest_customer,factorial_cell,0.66,1.0,1.0,20,nearest_customer,False,mean_integrated_completion_ticks,customer,True,10,44.50833333333333,38.90833333333334,50.866875
300,12,p_0.66_stores_20_nearest_customer,factorial_cell,0.66,1.0,1.0,20,nearest_customer,False,integrated_cancellation_rate,customer,False,10,0.98079994211453,0.9756211490505329,0.9854511053884488
300,12,p_0.66_stores_20_nearest_customer,factorial_cell,0.66,1.0,1.0,20,nearest_customer,False,integrated_unfinished_rate,customer,False,10,0.007241817654707594,0.004122818658534706,0.010438388433854837
300,12,p_0.66_stores_20_nearest_customer,factorial_cell,0.66,1.0,1.0,20,nearest_customer,False,mean_integrated_food_pickup_wait_ticks,driver,False,10,0.175,0.0,0.525
300,12,p_0.66_stores_20_nearest_customer,factorial_cell,0.66,1.0,1.0,20,nearest_customer,False,mean_integrated_grocery_pickup_wait_ticks,driver,False,10,5.162391526046759,4.692479112637877,5.606366237161803
300,12,p_0.66_stores_20_nearest_customer,factorial_cell,0.66,1.0,1.0,20,nearest_customer,False,mean_integrated_grocery_preparation_queue_ticks,merchant,False,10,3.6540594560090534,3.203490162065728,4.111295962606406
300,12,p_0.66_stores_20_nearest_customer,factorial_cell,0.66,1.0,1.0,20,nearest_customer,False,mean_integrated_grocery_ready_to_handover_ticks,merchant,False,10,4.875943876091689,4.328797243777894,5.392835783741668
