tick,elapsed_ticks,generated_orders,food_only_orders,integrated_orders,available_orders,assigned_orders,delivered_orders,completed_orders,cancelled_orders,delivered_cumulative,active_orders,active_customers,completed_food_service_units,completed_grocery_service_units,completed_service_units,service_units_per_driver_hour,service_units_per_busy_driver_hour,service_units_per_km,emission_intensity_per_service_unit,movement_count,travel_distance_km,driver_operating_cost,emission_units,driver_revenue,restaurant_revenue,store_revenue,merchant_revenue,platform_revenue,driver_profit,settled_customer_payment,driver_busy_ticks,driver_utilization,food_pickup_wait_ticks_so_far,grocery_pickup_wait_ticks_so_far,food_disposal_events,grocery_return_events,preparation_stopped_events,driver_activation_order,food_completion_rate,food_cancellation_rate,food_unfinished_rate,mean_food_completion_ticks,mean_food_pickup_wait_ticks,mean_food_post_pickup_delivery_ticks,integrated_completion_rate,integrated_cancellation_rate,integrated_unfinished_rate,mean_integrated_completion_ticks,mean_integrated_food_pickup_wait_ticks,mean_integrated_grocery_pickup_wait_ticks,drivers_idle,drivers_grocery_travel,drivers_grocery_pickup,drivers_food_travel,drivers_food_pickup,drivers_deliver,food_preparing_components,food_ready_components,food_handed_over_components,food_cancelled_components,grocery_preparing_components,grocery_ready_components,grocery_handed_over_components,grocery_cancelled_components,active_restaurants,restaurant_preparing_cancelled_units,restaurant_preparing_cancelled_product_value,active_stores,store_preparing_cancelled_units,store_preparing_cancelled_product_value,mean_assignment_wait_ticks,observed_assignment_wait_ticks_count,mean_delivery_service_ticks,observed_delivery_service_ticks_count,mean_acknowledgement_delay_ticks,observed_acknowledgement_delay_ticks_count,mean_completion_total_ticks,observed_completion_total_ticks_count,mean_cancellation_wait_ticks,observed_cancellation_wait_ticks_count,observed_food_pickup_wait_ticks_count,mean_grocery_pickup_wait_ticks,observed_grocery_pickup_wait_ticks_count
0,1,0,0,0,0,0,0,0,0,0,0,0,0,0,0,0.0,,,,0,0.0,0,0,0,0,0,0,0,0,0,0,0.0,0,0,0,0,0,"4,12,9,6,5,10,1,11,7,8,2,3",,,,,,,,,,,,,12,0,0,0,0,0,0,0,0,0,0,0,0,0,0,0,0,0,0,0,,0,,0,,0,,0,,0,0,,0
1,2,0,0,0,0,0,0,0,0,0,0,0,0,0,0,0.0,,,,0,0.0,0,0,0,0,0,0,0,0,0,0,0.0,0,0,0,0,0,"2,7,8,12,11,5,9,3,6,4,1,10",,,,,,,,,,,,,12,0,0,0,0,0,0,0,0,0,0,0,0,0,0,0,0,0,0,0,,0,,0,,0,,0,,0,0,,0
2,3,0,0,0,0,0,0,0,0,0,0,0,0,0,0,0.0,,,,0,0.0,0,0,0,0,0,0,0,0,0,0,0.0,0,0,0,0,0,"5,11,8,3,1,12,10,4,6,2,7,9",,,,,,,,,,,,,12,0,0,0,0,0,0,0,0,0,0,0,0,0,0,0,0,0,0,0,,0,,0,,0,,0,,0,0,,0
3,4,0,0,0,0,0,0,0,0,0,0,0,0,0,0,0.0,,,,0,0.0,0,0,0,0,0,0,0,0,0,0,0.0,0,0,0,0,0,"4,12,2,8,3,1,7,6,10,5,9,11",,,,,,,,,,,,,12,0,0,0,0,0,0,0,0,0,0,0,0,0,0,0,0,0,0,0,,0,,0,,0,,0,,0,0,,0
4,5,0,0,0,0,0,0,0,0,0,0,0,0,0,0,0.0,,,,0,0.0,0,0,0,0,0,0,0,0,0,0,0.0,0,0,0,0,0,"4,9,7,10,6,3,12,5,2,1,11,8",,,,,,,,,,,,,12,0,0,0,0,0,0,0,0,0,0,0,0,0,0,0,0,0,0,0,,0,,0,,0,,0,,0,0,,0
5,6,0,0,0,0,0,0,0,0,0,0,0,0,0,0,0.0,,,,0,0.0,0,0,0,0,0,0,0,0,0,0,0.0,0,0,0,0,0,"4,8,12,5,6,10,9,3,2,11,1,7",,,,,,,,,,,,,12,0,0,0,0,0,0,0,0,0,0,0,0,0,0,0,0,0,0,0,,0,,0,,0,,0,,0,0,,0
6,7,0,0,0,0,0,0,0,0,0,0,0,0,0,0,0.0,,,,0,0.0,0,0,0,0,0,0,0,0,0,0,0.0,0,0,0,0,0,"8,7,9,6,12,11,5,4,2,10,1,3",,,,,,,,,,,,,12,0,0,0,0,0,0,0,0,0,0,0,0,0,0,0,0,0,0,0,,0,,0,,0,,0,,0,0,,0
7,8,1,1,0,0,1,0,0,0,0,1,1,0,0,0,0.0,0.0,,,0,0.0,0,0,0,0,0,0,0,0,0,1,0.010416666666666666,0,0,0,0,0,"12,6,3,2,4,8,11,9,1,7,10,5",0.0,0.0,1.0,,,,,,,,,,11,0,0,1,0,0,1,0,0,0,0,0,0,0,1,0,0,0,0,0,0.0,1,,0,,0,,0,,0,0,,0
8,9,1,1,0,0,1,0,0,0,0,1,1,0,0,0,0.0,0.0,0.0,,1,0.5,200,30,0,0,0,0,0,-200,0,2,0.018518518518518517,0,0,0,0,0,"3,10,1,11,7,12,6,4,5,9,2,8",0.0,0.0,1.0,,,,,,,,,,11,0,0,1,0,0,1,0,0,0,0,0,0,0,1,0,0,0,0,0,0.0,1,,0,,0,,0,,0,0,,0
9,10,1,1,0,0,1,0,0,0,0,1,1,0,0,0,0.0,0.0,0.0,,2,1.0,400,60,0,0,0,0,0,-400,0,3,0.025,0,0,0,0,0,"5,3,4,8,12,9,6,10,1,11,7,2",0.0,0.0,1.0,,,,,,,,,,11,0,0,1,0,0,1,0,0,0,0,0,0,0,1,0,0,0,0,0,0.0,1,,0,,0,,0,,0,0,,0
10,11,1,1,0,0,1,0,0,0,0,1,1,0,0,0,0.0,0.0,0.0,,3,1.5,600,90,0,0,0,0,0,-600,0,4,0.030303030303030304,0,0,0,0,0,"12,2,6,1,4,8,10,9,3,11,7,5",0.0,0.0,1.0,,,,,,,,,,11,0,0,1,0,0,1,0,0,0,0,0,0,0,1,0,0,0,0,0,0.0,1,,0,,0,,0,,0,0,,0
11,12,1,1,0,0,1,0,0,0,0,1,1,0,0,0,0.0,0.0,0.0,,4,2.0,800,120,0,0,0,0,0,-800,0,5,0.034722222222222224,0,0,0,0,0,"9,6,3,10,12,2,8,1,4,5,11,7",0.0,0.0,1.0,,,,,,,,,,11,0,0,1,0,0,1,0,0,0,0,0,0,0,1,0,0,0,0,0,0.0,1,,0,,0,,0,,0,0,,0
12,13,1,1,0,0,1,0,0,0,0,1,1,0,0,0,0.0,0.0,0.0,,5,2.5,1000,150,0,0,0,0,0,-1000,0,6,0.038461538461538464,0,0,0,0,0,"8,4,11,12,5,1,9,7,6,3,2,10",0.0,0.0,1.0,,,,,,,,,,11,0,0,1,0,0,1,0,0,0,0,0,0,0,1,0,0,0,0,0,0.0,1,,0,,0,,0,,0,0,,0
13,14,1,1,0,0,1,0,0,0,0,1,1,0,0,0,0.0,0.0,0.0,,6,3.0,1200,180,0,0,0,0,0,-1200,0,7,0.041666666666666664,0,0,0,0,0,"9,6,8,1,3,7,11,5,4,2,10,12",0.0,0.0,1.0,,,,,,,,,,11,0,0,1,0,0,1,0,0,0,0,0,0,0,1,0,0,0,0,0,0.0,1,,0,,0,,0,,0,0,,0
14,15,1,1,0,0,1,0,0,0,0,1,1,0,0,0,0.0,0.0,0.0,,7,3.5,1400,210,0,0,0,0,0,-1400,0,8,0.044444444444444446,0,0,0,0,0,"11,6,9,7,12,4,1,8,2,5,3,10",0.0,0.0,1.0,,,,,,,,,,11,0,0,1,0,0,1,0,0,0,0,0,0,0,1,0,0,0,0,0,0.0,1,,0,,0,,0,,0,0,,0
15,16,1,1,0,0,1,0,0,0,0,1,1,0,0,0,0.0,0.0,0.0,,8,4.0,1600,240,0,0,0,0,0,-1600,0,9,0.046875,0,0,0,0,0,"10,3,11,6,2,1,8,12,7,9,4,5",0.0,0.0,1.0,,,,,,,,,,11,0,0,1,0,0,1,0,0,0,0,0,0,0,1,0,0,0,0,0,0.0,1,,0,,0,,0,,0,0,,0
16,17,1,1,0,0,1,0,0,0,0,1,1,0,0,0,0.0,0.0,0.0,,9,4.5,1800,270,0,0,0,0,0,-1800,0,10,0.049019607843137254,0,0,0,0,0,"12,1,5,7,2,10,6,3,8,9,4,11",0.0,0.0,1.0,,,,,,,,,,11,0,0,1,0,0,1,0,0,0,0,0,0,0,1,0,0,0,0,0,0.0,1,,0,,0,,0,,0,0,,0
17,18,1,1,0,0,1,0,0,0,0,1,1,0,0,0,0.0,0.0,0.0,,10,5.0,2000,300,0,0,0,0,0,-2000,0,11,0.05092592592592592,0,0,0,0,0,"7,11,4,12,8,9,2,6,10,1,3,5",0.0,0.0,1.0,,,,,,,,,,11,0,0,1,0,0,1,0,0,0,0,0,0,0,1,0,0,0,0,0,0.0,1,,0,,0,,0,,0,0,,0
18,19,1,1,0,0,1,0,0,0,0,1,1,0,0,0,0.0,0.0,0.0,,11,5.5,2200,330,0,0,0,0,0,-2200,0,12,0.05263157894736842,0,0,0,0,0,"9,6,4,3,10,12,2,5,7,11,1,8",0.0,0.0,1.0,,,,,,,,,,11,0,0,1,0,0,1,0,0,0,0,0,0,0,1,0,0,0,0,0,0.0,1,,0,,0,,0,,0,0,,0
19,20,1,1,0,0,1,0,0,0,0,1,1,0,0,0,0.0,0.0,0.0,,12,6.0,2400,360,0,0,0,0,0,-2400,0,13,0.05416666666666667,0,0,0,0,0,"7,6,1,11,3,4,12,5,10,2,8,9",0.0,0.0,1.0,,,,,,,,,,11,0,0,1,0,0,1,0,0,0,0,0,0,0,1,0,0,0,0,0,0.0,1,,0,,0,,0,,0,0,,0
20,21,1,1,0,0,1,0,0,0,0,1,1,0,0,0,0.0,0.0,0.0,,13,6.5,2600,390,0,0,0,0,0,-2600,0,14,0.05555555555555555,0,0,0,0,0,"7,11,10,12,5,4,6,3,2,1,9,8",0.0,0.0,1.0,,,,,,,,,,11,0,0,1,0,0,1,0,0,0,0,0,0,0,1,0,0,0,0,0,0.0,1,,0,,0,,0,,0,0,,0
21,22,1,1,0,0,1,0,0,0,0,1,1,0,0,0,0.0,0.0,0.0,,14,7.0,2800,420,0,0,0,0,0,-2800,0,15,0.056818181818181816,0,0,0,0,0,"11,9,10,12,2,1,3,4,5,7,6,8",0.0,0.0,1.0,,,,,,,,,,11,0,0,1,0,0,0,1,0,0,0,0,0,0,1,0,0,0,0,0,0.0,1,,0,,0,,0,,0,0,,0
22,23,1,1,0,0,1,0,0,0,0,1,1,0,0,0,0.0,0.0,0.0,,15,7.5,3000,450,0,0,0,0,0,-3000,0,16,0.057971014492753624,0,0,0,0,0,"6,9,1,7,10,11,5,3,8,4,12,2",0.0,0.0,1.0,,,,,,,,,,11,0,0,1,0,0,0,1,0,0,0,0,0,0,1,0,0,0,0,0,0.0,1,,0,,0,,0,,0,0,,0
23,24,1,1,0,0,1,0,0,0,0,1,1,0,0,0,0.0,0.0,0.0,,16,8.0,3200,480,0,0,0,0,0,-3200,0,17,0.059027777777777776,0,0,0,0,0,"11,6,8,2,1,3,4,9,10,5,12,7",0.0,0.0,1.0,,,,,,,,,,11,0,0,1,0,0,0,1,0,0,0,0,0,0,1,0,0,0,0,0,0.0,1,,0,,0,,0,,0,0,,0
24,25,1,1,0,0,1,0,0,0,0,1,1,0,0,0,0.0,0.0,0.0,,17,8.5,3400,510,0,0,0,0,0,-3400,0,18,0.06,0,0,0,0,0,"7,2,8,5,3,1,11,9,6,4,10,12",0.0,0.0,1.0,,,,,,,,,,11,0,0,1,0,0,0,1,0,0,0,0,0,0,1,0,0,0,0,0,0.0,1,,0,,0,,0,,0,0,,0
25,26,2,2,0,0,2,0,0,0,0,2,2,0,0,0,0.0,0.0,0.0,,18,9.0,3600,540,0,0,0,0,0,-3600,0,20,0.0641025641025641,0,0,0,0,0,"3,2,5,4,12,11,8,10,9,7,1,6",0.0,0.0,1.0,,,,,,,,,,10,0,0,2,0,0,1,1,0,0,0,0,0,0,2,0,0,0,0,0,0.0,2,,0,,0,,0,,0,0,,0
26,27,2,2,0,0,2,0,0,0,0,2,2,0,0,0,0.0,0.0,0.0,,20,10.0,4000,600,0,0,0,0,0,-4000,0,22,0.06790123456790123,0,0,0,0,0,"1,6,8,5,10,4,11,2,12,7,3,9",0.0,0.0,1.0,,,,,,,,,,10,0,0,2,0,0,1,1,0,0,0,0,0,0,2,0,0,0,0,0,0.0,2,,0,,0,,0,,0,0,,0
27,28,2,2,0,0,2,0,0,0,0,2,2,0,0,0,0.0,0.0,0.0,,22,11.0,4400,660,0,0,0,0,0,-4400,0,24,0.07142857142857142,0,0,0,0,0,"4,7,1,3,11,10,2,8,6,12,9,5",0.0,0.0,1.0,,,,,,,,,,10,0,0,2,0,0,1,1,0,0,0,0,0,0,2,0,0,0,0,0,0.0,2,,0,,0,,0,,0,0,,0
28,29,2,2,0,0,2,0,0,0,0,2,2,0,0,0,0.0,0.0,0.0,,24,12.0,4800,720,0,0,0,0,0,-4800,0,26,0.07471264367816093,0,0,0,0,0,"1,4,6,9,3,8,5,11,2,12,10,7",0.0,0.0,1.0,,,,,,,,,,10,0,0,2,0,0,1,1,0,0,0,0,0,0,2,0,0,0,0,0,0.0,2,,0,,0,,0,,0,0,,0
29,30,2,2,0,0,2,0,0,0,0,2,2,0,0,0,0.0,0.0,0.0,,26,13.0,5200,780,0,0,0,0,0,-5200,0,28,0.07777777777777778,0,0,0,0,0,"7,8,1,6,10,5,4,2,11,9,3,12",0.0,0.0,1.0,,,,,,,,,,10,0,0,2,0,0,1,1,0,0,0,0,0,0,2,0,0,0,0,0,0.0,2,,0,,0,,0,,0,0,,0
30,31,2,2,0,0,2,0,0,0,0,2,2,0,0,0,0.0,0.0,0.0,,28,14.0,5600,840,0,0,0,0,0,-5600,0,30,0.08064516129032258,0,0,0,0,0,"11,8,1,10,6,4,5,3,2,12,7,9",0.0,0.0,1.0,,,,,,,,,,10,0,0,2,0,0,1,1,0,0,0,0,0,0,2,0,0,0,0,0,0.0,2,,0,,0,,0,,0,0,,0
31,32,2,2,0,0,2,0,0,0,0,2,2,0,0,0,0.0,0.0,0.0,,30,15.0,6000,900,0,0,0,0,0,-6000,0,32,0.08333333333333333,0,0,0,0,0,"2,4,9,5,12,1,8,3,11,10,7,6",0.0,0.0,1.0,,,,,,,,,,10,0,0,2,0,0,1,1,0,0,0,0,0,0,2,0,0,0,0,0,0.0,2,,0,,0,,0,,0,0,,0
32,33,2,2,0,0,2,0,0,0,0,2,2,0,0,0,0.0,0.0,0.0,,32,16.0,6400,960,0,0,0,0,0,-6400,0,34,0.08585858585858586,0,0,0,0,0,"6,7,10,12,11,9,1,8,2,4,5,3",0.0,0.0,1.0,,,,,,,,,,10,0,0,2,0,0,1,1,0,0,0,0,0,0,2,0,0,0,0,0,0.0,2,,0,,0,,0,,0,0,,0
33,34,2,2,0,0,2,0,0,0,0,2,2,0,0,0,0.0,0.0,0.0,,34,17.0,6800,1020,0,0,0,0,0,-6800,0,36,0.08823529411764706,0,0,0,0,0,"10,9,5,8,4,2,3,1,6,7,11,12",0.0,0.0,1.0,,,,,,,,,,10,0,0,2,0,0,1,1,0,0,0,0,0,0,2,0,0,0,0,0,0.0,2,,0,,0,,0,,0,0,,0
34,35,2,2,0,0,2,0,0,0,0,2,2,0,0,0,0.0,0.0,0.0,,36,18.0,7200,1080,0,0,0,0,0,-7200,0,38,0.09047619047619047,0,0,0,0,0,"9,6,12,7,3,5,8,1,10,4,2,11",0.0,0.0,1.0,,,,,,,,,,10,0,0,2,0,0,1,1,0,0,0,0,0,0,2,0,0,0,0,0,0.0,2,,0,,0,,0,,0,0,,0
35,36,2,2,0,0,2,0,0,0,0,2,2,0,0,0,0.0,0.0,0.0,,38,19.0,7600,1140,0,0,0,0,0,-7600,0,40,0.09259259259259259,0,0,0,0,0,"6,8,5,11,9,4,3,7,10,12,2,1",0.0,0.0,1.0,,,,,,,,,,10,0,0,2,0,0,1,1,0,0,0,0,0,0,2,0,0,0,0,0,0.0,2,,0,,0,,0,,0,0,,0
36,37,2,2,0,0,2,0,0,0,0,2,2,0,0,0,0.0,0.0,0.0,,40,20.0,8000,1200,0,0,0,0,0,-8000,0,42,0.0945945945945946,0,0,0,0,0,"4,2,7,1,9,8,5,11,3,6,12,10",0.0,0.0,1.0,,,,,,,,,,10,0,0,1,1,0,1,1,0,0,0,0,0,0,2,0,0,0,0,0,0.0,2,,0,,0,,0,,0,0,,0
37,38,2,2,0,0,2,0,0,0,0,2,2,0,0,0,0.0,0.0,0.0,,41,20.5,8200,1230,0,0,0,0,0,-8200,0,44,0.09649122807017543,0,0,0,0,0,"5,4,3,10,11,9,8,2,7,12,6,1",0.0,0.0,1.0,,0.0,,,,,,,,10,0,0,1,0,1,1,0,1,0,0,0,0,0,1,0,0,0,0,0,0.0,2,,0,,0,,0,,0,1,,0
38,39,2,2,0,0,2,0,0,0,0,2,2,0,0,0,0.0,0.0,0.0,,43,21.5,8600,1290,0,0,0,0,0,-8600,0,46,0.09829059829059829,0,0,0,0,0,"6,11,8,4,12,1,10,5,7,2,9,3",0.0,0.0,1.0,,0.0,,,,,,,,10,0,0,1,0,1,1,0,1,0,0,0,0,0,1,0,0,0,0,0,0.0,2,,0,,0,,0,,0,1,,0
39,40,3,3,0,0,3,0,0,0,0,3,3,0,0,0,0.0,0.0,0.0,,45,22.5,9000,1350,0,0,0,0,0,-9000,0,49,0.10208333333333333,0,0,0,0,0,"5,10,2,7,6,12,9,1,11,8,4,3",0.0,0.0,1.0,,0.0,,,,,,,,9,0,0,2,0,1,1,1,1,0,0,0,0,0,2,0,0,0,0,0,0.0,3,,0,,0,,0,,0,1,,0
40,41,3,3,0,0,3,0,0,0,0,3,3,0,0,0,0.0,0.0,0.0,,48,24.0,9600,1440,0,0,0,0,0,-9600,0,52,0.10569105691056911,0,0,0,0,0,"9,7,1,11,4,5,2,10,3,8,12,6",0.0,0.0,1.0,,0.0,,,,,,,,9,0,0,2,0,1,1,1,1,0,0,0,0,0,2,0,0,0,0,0,0.0,3,,0,,0,,0,,0,1,,0
41,42,3,3,0,0,3,0,0,0,0,3,3,0,0,0,0.0,0.0,0.0,,51,25.5,10200,1530,0,0,0,0,0,-10200,0,55,0.10912698412698413,0,0,0,0,0,"10,11,6,5,3,12,8,9,2,1,7,4",0.0,0.0,1.0,,0.0,,,,,,,,9,0,0,2,0,1,1,1,1,0,0,0,0,0,2,0,0,0,0,0,0.0,3,,0,,0,,0,,0,1,,0
42,43,3,3,0,0,3,0,0,0,0,3,3,0,0,0,0.0,0.0,0.0,,54,27.0,10800,1620,0,0,0,0,0,-10800,0,58,0.1124031007751938,0,0,0,0,0,"9,10,1,6,8,4,11,3,5,12,2,7",0.0,0.0,1.0,,0.0,,,,,,,,9,0,0,2,0,1,1,1,1,0,0,0,0,0,2,0,0,0,0,0,0.0,3,,0,,0,,0,,0,1,,0
43,44,3,3,0,0,3,0,0,0,0,3,3,0,0,0,0.0,0.0,0.0,,57,28.5,11400,1710,0,0,0,0,0,-11400,0,61,0.11553030303030302,0,0,0,0,0,"10,2,6,12,11,1,5,8,3,7,4,9",0.0,0.0,1.0,,0.0,,,,,,,,9,0,0,2,0,1,1,1,1,0,0,0,0,0,2,0,0,0,0,0,0.0,3,,0,,0,,0,,0,1,,0
44,45,3,3,0,0,3,0,0,0,0,3,3,0,0,0,0.0,0.0,0.0,,60,30.0,12000,1800,0,0,0,0,0,-12000,0,64,0.11851851851851852,0,0,0,0,0,"8,5,6,10,1,7,12,9,11,3,2,4",0.0,0.0,1.0,,0.0,,,,,,,,9,0,0,2,0,1,1,1,1,0,0,0,0,0,2,0,0,0,0,0,0.0,3,,0,,0,,0,,0,1,,0
45,46,3,3,0,0,3,0,0,0,0,3,3,0,0,0,0.0,0.0,0.0,,63,31.5,12600,1890,0,0,0,0,0,-12600,0,67,0.1213768115942029,0,0,0,0,0,"9,12,8,10,4,6,1,11,2,5,3,7",0.0,0.0,1.0,,0.0,,,,,,,,9,0,0,2,0,1,0,2,1,0,0,0,0,0,2,0,0,0,0,0,0.0,3,,0,,0,,0,,0,1,,0
46,47,3,3,0,0,3,0,0,0,0,3,3,0,0,0,0.0,0.0,0.0,,66,33.0,13200,1980,0,0,0,0,0,-13200,0,70,0.12411347517730496,0,0,0,0,0,"8,7,1,3,10,11,5,2,6,9,12,4",0.0,0.0,1.0,,0.0,,,,,,,,9,0,0,2,0,1,0,2,1,0,0,0,0,0,2,0,0,0,0,0,0.0,3,,0,,0,,0,,0,1,,0
47,48,3,3,0,0,3,0,0,0,0,3,3,0,0,0,0.0,0.0,0.0,,69,34.5,13800,2070,0,0,0,0,0,-13800,0,73,0.1267361111111111,0,0,0,0,0,"5,6,12,2,1,8,9,7,3,4,10,11",0.0,0.0,1.0,,0.0,,,,,,,,9,0,0,2,0,1,0,2,1,0,0,0,0,0,2,0,0,0,0,0,0.0,3,,0,,0,,0,,0,1,,0
48,49,3,3,0,0,3,0,0,0,0,3,3,0,0,0,0.0,0.0,0.0,,72,36.0,14400,2160,0,0,0,0,0,-14400,0,76,0.1292517006802721,0,0,0,0,0,"7,6,4,11,10,12,2,1,3,8,5,9",0.0,0.0,1.0,,0.0,,,,,,,,9,0,0,2,0,1,0,2,1,0,0,0,0,0,2,0,0,0,0,0,0.0,3,,0,,0,,0,,0,1,,0
49,50,3,3,0,0,3,0,0,0,0,3,3,0,0,0,0.0,0.0,0.0,,75,37.5,15000,2250,0,0,0,0,0,-15000,0,79,0.13166666666666665,0,0,0,0,0,"8,2,10,6,3,12,5,11,1,9,7,4",0.0,0.0,1.0,,0.0,,,,,,,,9,0,0,2,0,1,0,2,1,0,0,0,0,0,2,0,0,0,0,0,0.0,3,,0,,0,,0,,0,1,,0
50,51,3,3,0,0,3,0,0,0,0,3,3,0,0,0,0.0,0.0,0.0,,78,39.0,15600,2340,0,0,0,0,0,-15600,0,82,0.13398692810457516,0,0,0,0,0,"5,7,6,1,4,9,2,10,3,11,8,12",0.0,0.0,1.0,,0.0,,,,,,,,9,0,0,2,0,1,0,2,1,0,0,0,0,0,2,0,0,0,0,0,0.0,3,,0,,0,,0,,0,1,,0
51,52,3,3,0,0,3,0,0,0,0,3,3,0,0,0,0.0,0.0,0.0,,81,40.5,16200,2430,0,0,0,0,0,-16200,0,85,0.1362179487179487,0,0,0,0,0,"4,7,11,3,10,8,5,9,2,12,1,6",0.0,0.0,1.0,,0.0,,,,,,,,9,0,0,2,0,1,0,2,1,0,0,0,0,0,2,0,0,0,0,0,0.0,3,,0,,0,,0,,0,1,,0
52,53,3,3,0,0,3,0,0,0,0,3,3,0,0,0,0.0,0.0,0.0,,84,42.0,16800,2520,0,0,0,0,0,-16800,0,88,0.13836477987421383,0,0,0,0,0,"1,4,3,5,6,10,11,9,8,2,7,12",0.0,0.0,1.0,,0.0,,,,,,,,9,0,0,1,1,1,0,2,1,0,0,0,0,0,2,0,0,0,0,0,0.0,3,,0,,0,,0,,0,1,,0
53,54,3,3,0,0,3,0,0,0,0,3,3,0,0,0,0.0,0.0,0.0,,86,43.0,17200,2580,0,0,0,0,0,-17200,0,91,0.1404320987654321,0,0,0,0,0,"12,8,6,7,2,9,5,10,1,3,11,4",0.0,0.0,1.0,,0.0,,,,,,,,9,0,0,1,0,2,0,1,2,0,0,0,0,0,1,0,0,0,0,0,0.0,3,,0,,0,,0,,0,2,,0
54,55,3,3,0,0,3,0,0,0,0,3,3,0,0,0,0.0,0.0,0.0,,89,44.5,17800,2670,0,0,0,0,0,-17800,0,94,0.14242424242424243,0,0,0,0,0,"12,3,7,8,4,9,2,10,1,5,6,11",0.0,0.0,1.0,,0.0,,,,,,,,9,0,0,1,0,2,0,1,2,0,0,0,0,0,1,0,0,0,0,0,0.0,3,,0,,0,,0,,0,2,,0
55,56,3,3,0,0,3,0,0,0,0,3,3,0,0,0,0.0,0.0,0.0,,92,46.0,18400,2760,0,0,0,0,0,-18400,0,97,0.14434523809523808,0,0,0,0,0,"11,5,3,8,7,2,1,6,9,10,12,4",0.0,0.0,1.0,,0.0,,,,,,,,9,0,0,1,0,2,0,1,2,0,0,0,0,0,1,0,0,0,0,0,0.0,3,,0,,0,,0,,0,2,,0
56,57,3,3,0,0,3,0,0,0,0,3,3,0,0,0,0.0,0.0,0.0,,95,47.5,19000,2850,0,0,0,0,0,-19000,0,100,0.14619883040935672,0,0,0,0,0,"3,1,6,11,10,9,4,2,8,12,7,5",0.0,0.0,1.0,,0.0,,,,,,,,9,0,0,1,0,2,0,1,2,0,0,0,0,0,1,0,0,0,0,0,0.0,3,,0,,0,,0,,0,2,,0
57,58,3,3,0,0,3,0,0,0,0,3,3,0,0,0,0.0,0.0,0.0,,98,49.0,19600,2940,0,0,0,0,0,-19600,0,103,0.14798850574712644,0,0,0,0,0,"5,6,7,4,11,10,8,9,3,12,1,2",0.0,0.0,1.0,,0.0,,,,,,,,9,0,0,1,0,2,0,1,2,0,0,0,0,0,1,0,0,0,0,0,0.0,3,,0,,0,,0,,0,2,,0
58,59,3,3,0,0,3,0,0,0,0,3,3,0,0,0,0.0,0.0,0.0,,101,50.5,20200,3030,0,0,0,0,0,-20200,0,106,0.1497175141242938,0,0,0,0,0,"5,4,11,3,12,8,10,1,7,6,2,9",0.0,0.0,1.0,,0.0,,,,,,,,9,0,0,1,0,2,0,1,2,0,0,0,0,0,1,0,0,0,0,0,0.0,3,,0,,0,,0,,0,2,,0
59,60,3,3,0,0,3,0,0,0,0,3,3,0,0,0,0.0,0.0,0.0,,104,52.0,20800,3120,0,0,0,0,0,-20800,0,109,0.15138888888888888,0,0,0,0,0,"8,5,7,6,4,12,2,9,1,10,3,11",0.0,0.0,1.0,,0.0,,,,,,,,9,0,0,1,0,2,0,1,2,0,0,0,0,0,1,0,0,0,0,0,0.0,3,,0,,0,,0,,0,2,,0
60,61,3,3,0,0,3,0,0,0,0,3,3,0,0,0,0.0,0.0,0.0,,107,53.5,21400,3210,0,0,0,0,0,-21400,0,112,0.15300546448087432,0,0,0,0,0,"9,11,5,1,12,10,8,4,6,2,3,7",0.0,0.0,1.0,,0.0,,,,,,,,9,0,0,1,0,2,0,1,2,0,0,0,0,0,1,0,0,0,0,0,0.0,3,,0,,0,,0,,0,2,,0
61,62,3,3,0,0,3,0,0,0,0,3,3,0,0,0,0.0,0.0,0.0,,110,55.0,22000,3300,0,0,0,0,0,-22000,0,115,0.15456989247311828,0,0,0,0,0,"5,8,9,7,4,2,1,10,11,3,6,12",0.0,0.0,1.0,,0.0,,,,,,,,9,0,0,1,0,2,0,1,2,0,0,0,0,0,1,0,0,0,0,0,0.0,3,,0,,0,,0,,0,2,,0
62,63,3,3,0,0,3,0,0,0,0,3,3,0,0,0,0.0,0.0,0.0,,113,56.5,22600,3390,0,0,0,0,0,-22600,0,118,0.15608465608465608,0,0,0,0,0,"5,3,1,11,6,7,8,12,4,10,9,2",0.0,0.0,1.0,,0.0,,,,,,,,9,0,0,1,0,2,0,1,2,0,0,0,0,0,1,0,0,0,0,0,0.0,3,,0,,0,,0,,0,2,,0
63,64,3,3,0,0,3,0,0,0,0,3,3,0,0,0,0.0,0.0,0.0,,116,58.0,23200,3480,0,0,0,0,0,-23200,0,121,0.15755208333333334,0,0,0,0,0,"12,8,9,2,4,7,5,11,10,6,1,3",0.0,0.0,1.0,,0.0,,,,,,,,9,0,0,1,0,2,0,1,2,0,0,0,0,0,1,0,0,0,0,0,0.0,3,,0,,0,,0,,0,2,,0
64,65,3,3,0,0,3,0,0,0,0,3,3,0,0,0,0.0,0.0,0.0,,119,59.5,23800,3570,0,0,0,0,0,-23800,0,124,0.15897435897435896,0,0,0,0,0,"9,6,3,7,2,12,11,5,1,10,8,4",0.0,0.0,1.0,,0.0,,,,,,,,9,0,0,1,0,2,0,1,2,0,0,0,0,0,1,0,0,0,0,0,0.0,3,,0,,0,,0,,0,2,,0
65,66,3,3,0,0,3,0,0,0,0,3,3,0,0,0,0.0,0.0,0.0,,122,61.0,24400,3660,0,0,0,0,0,-24400,0,127,0.16035353535353536,0,0,0,0,0,"9,8,11,6,7,5,3,10,2,4,1,12",0.0,0.0,1.0,,0.0,,,,,,,,9,0,0,1,0,2,0,1,2,0,0,0,0,0,1,0,0,0,0,0,0.0,3,,0,,0,,0,,0,2,,0
66,67,3,3,0,0,3,0,0,0,0,3,3,0,0,0,0.0,0.0,0.0,,125,62.5,25000,3750,0,0,0,0,0,-25000,0,130,0.16169154228855723,0,0,0,0,0,"3,2,7,6,12,8,10,4,9,11,5,1",0.0,0.0,1.0,,0.0,,,,,,,,9,0,0,1,0,2,0,1,2,0,0,0,0,0,1,0,0,0,0,0,0.0,3,,0,,0,,0,,0,2,,0
67,68,3,3,0,0,3,0,0,0,0,3,3,0,0,0,0.0,0.0,0.0,,128,64.0,25600,3840,0,0,0,0,0,-25600,0,133,0.16299019607843138,0,0,0,0,0,"5,3,4,9,1,12,7,8,11,10,6,2",0.0,0.0,1.0,,0.0,,,,,,,,9,0,0,1,0,2,0,1,2,0,0,0,0,0,1,0,0,0,0,0,0.0,3,,0,,0,,0,,0,2,,0
68,69,3,3,0,0,3,0,0,0,0,3,3,0,0,0,0.0,0.0,0.0,,131,65.5,26200,3930,0,0,0,0,0,-26200,0,136,0.1642512077294686,0,0,0,0,0,"6,5,10,9,7,4,1,8,11,3,2,12",0.0,0.0,1.0,,0.0,,,,,,,,9,0,0,1,0,2,0,1,2,0,0,0,0,0,1,0,0,0,0,0,0.0,3,,0,,0,,0,,0,2,,0
69,70,3,3,0,0,3,0,0,0,0,3,3,0,0,0,0.0,0.0,0.0,,134,67.0,26800,4020,0,0,0,0,0,-26800,0,139,0.16547619047619047,0,0,0,0,0,"4,7,12,6,5,3,2,9,10,11,1,8",0.0,0.0,1.0,,0.0,,,,,,,,9,0,0,1,0,2,0,1,2,0,0,0,0,0,1,0,0,0,0,0,0.0,3,,0,,0,,0,,0,2,,0
70,71,3,3,0,0,2,1,0,0,1,3,3,0,0,0,0.0,0.0,0.0,,137,68.5,27400,4110,0,0,0,0,0,-27400,0,142,0.16666666666666666,0,0,0,0,0,"12,4,2,9,3,8,7,11,5,10,1,6",0.0,0.0,1.0,,0.0,,,,,,,,10,0,0,1,0,1,0,1,2,0,0,0,0,0,1,0,0,0,0,0,0.0,3,45.0,1,,0,,0,,0,2,,0
