order_id,merchant_id,kind,created_tick,preparation_duration,item_value,status,ready_tick,handed_over_tick,cancelled_tick,cancellation_event,settled_revenue,planned_ready_tick,order_status
1,49,FOOD,621,9,35782,HANDED_OVER,630,711,,,32350.04890604000000000000000,630,COMPLETED
1,53,GROCERY,621,46,105428,HANDED_OVER,667,667,,,95316.10743016000000000000000,667,COMPLETED
2,10,FOOD,671,16,27695,HANDED_OVER,687,755,,,25038.69555790000000000000000,687,COMPLETED
2,54,GROCERY,671,21,28409,HANDED_OVER,692,692,,,25684.21383298000000000000000,692,COMPLETED
3,46,FOOD,688,18,37583,CANCELLED,706,,711,PREPARED_FOOD_DISPOSAL,0,706,CANCELLED
3,53,GROCERY,688,18,69266,CANCELLED,706,,711,GROCERY_CANCELLATION_RETURN,0,706,CANCELLED
4,42,FOOD,733,17,35342,CANCELLED,750,,756,PREPARED_FOOD_DISPOSAL,0,750,CANCELLED
4,53,GROCERY,733,23,44106,CANCELLED,,,756,PREPARATION_STOPPED,0,756,CANCELLED
5,49,FOOD,831,14,27706,HANDED_OVER,845,948,,,25048.64051732000000000000000,845,COMPLETED
5,53,GROCERY,831,73,1377,HANDED_OVER,904,904,,,1244.928101940000000000000000,904,COMPLETED
6,50,FOOD,880,11,31205,HANDED_OVER,891,925,,,28212.04170010000000000000000,891,COMPLETED
6,54,GROCERY,880,43,50449,HANDED_OVER,923,923,,,45610.29616178000000000000000,923,COMPLETED
7,7,FOOD,1071,12,41228,HANDED_OVER,1083,1106,,,37273.70790616000000000000000,1083,COMPLETED
7,54,GROCERY,1071,0,29110,HANDED_OVER,1071,1090,,,26317.97897420000000000000000,1071,COMPLETED
8,20,FOOD,1130,14,38893,HANDED_OVER,1144,1211,,,35162.66424746000000000000000,1144,COMPLETED
8,53,GROCERY,1130,30,0,HANDED_OVER,1160,1188,,,0E-30,1160,COMPLETED
9,39,FOOD,1192,15,31203,HANDED_OVER,1207,1247,,,28210.23352566000000000000000,1207,COMPLETED
9,54,GROCERY,1192,15,0,HANDED_OVER,1207,1212,,,0E-30,1207,COMPLETED
10,43,FOOD,1218,10,31030,HANDED_OVER,1228,1273,,,28053.82643660000000000000000,1228,COMPLETED
10,54,GROCERY,1218,13,71541,HANDED_OVER,1231,1244,,,64679.30380602000000000000000,1231,COMPLETED
