order_id,customer_id,order_type,created_tick,status,assigned_driver_id,assigned_tick,delivered_tick,completed_tick,cancelled_tick,grocery_arrival_tick,food_arrival_tick,first_pickup_moves,store_to_restaurant_moves,restaurant_to_customer_moves,billable_distance_km,tax,delivery_fee,customer_payment,settled,settlement_tick,driver_revenue,platform_revenue,food_pickup_wait_ticks_so_far,grocery_pickup_wait_ticks_so_far,assignment_wait_ticks,delivery_service_ticks,acknowledgement_delay_ticks,completion_total_ticks,cancellation_wait_ticks,food_pickup_wait_ticks,grocery_pickup_wait_ticks,customer_x,customer_y,restaurant_id,store_id,food_item_value,grocery_item_value,movement_count,travel_distance_km,driver_operating_cost,emission_units,merchant_revenue,driver_profit,active_at_export
1,55,INTEGRATED,621,COMPLETED,2,621,768,769,,665,710,44,43,57,50.0,14121.00,112500.0,267831.00,True,769,103500.000,36664.8436638000000000000000,0,1,0,147,1,148,,0,1,47,19,49,53,35782,105428,144,72.0,28800,4320,127666.1563362000000000000000,74700.000,False
2,56,INTEGRATED,671,COMPLETED,1,671,823,824,,690,754,19,62,68,65.0,5610.40,146250.0,207964.40,True,824,134550.000,22691.49060912000000000000000,0,1,0,152,1,153,,0,1,41,32,10,54,27695,28409,149,74.5,29800,4470,50722.90939088000000000000000,104750.000,False
3,57,INTEGRATED,688,CANCELLED,,,,,711,,,0,0,0,21.0,10684.90,47250.0,164783.90,False,,0,0,0,0,,,,,23,,,36,20,46,53,37583,69266,0,0.0,0,0,0,0,False
4,58,INTEGRATED,733,CANCELLED,,,,,756,,,0,0,0,26.0,7944.80,58500.0,145892.80,False,,0,0,0,0,,,,,23,,,49,45,42,53,35342,44106,0,0.0,0,0,0,0,False
5,59,INTEGRATED,831,COMPLETED,1,831,990,991,,856,947,25,43,42,42.5,2908.30,95625.0,127616.30,True,991,87975.000,13347.73138074000000000000000,0,47,0,159,1,160,,0,47,14,37,49,53,27706,1377,110,55.0,22000,3300,26293.56861926000000000000000,65975.000,False
6,60,INTEGRATED,880,COMPLETED,2,880,943,944,,921,924,41,0,18,9.0,8165.40,20250.0,110069.40,True,944,18630.000,17617.06213812000000000000000,0,1,0,63,1,64,,0,1,16,33,50,54,31205,50449,59,29.5,11800,1770,73822.33786188000000000000000,6830.000,False
7,61,INTEGRATED,1071,COMPLETED,2,1071,1134,1135,,1089,1105,18,15,28,21.5,7033.80,48375.0,125746.80,True,1135,44505.000,17650.11311964000000000000000,0,0,0,63,1,64,,0,0,24,24,7,54,41228,29110,61,30.5,12200,1830,63591.68688036000000000000000,32305.000,False
8,62,INTEGRATED,1130,COMPLETED,1,1130,1239,1240,,1187,1210,57,22,28,25.0,3889.30,56250.0,99032.30,True,1240,51750.000,12119.63575254000000000000000,0,0,0,109,1,110,,0,0,24,40,20,53,38893,0,107,53.5,21400,3210,35162.66424746000000000000000,30350.000,False
9,63,INTEGRATED,1192,COMPLETED,2,1192,1291,1292,,1211,1246,19,34,44,39.0,3120.30,87750.0,122073.30,True,1292,80730.000,13133.06647434000000000000000,0,0,0,99,1,100,,0,0,15,6,39,54,31203,0,97,48.5,19400,2910,28210.23352566000000000000000,61330.000,False
10,64,INTEGRATED,1218,COMPLETED,1,1240,1309,1310,,1243,1272,3,28,36,32.0,10257.10,72000.0,184828.10,True,1310,66240.000,25854.96975738000000000000000,0,0,22,91,1,92,,0,0,41,34,43,54,31030,71541,67,33.5,13400,2010,92733.13024262000000000000000,52840.000,False
